Gender,Age_range,Status,Occupation,Monthly_income,Daily_usage_duration,Smartphone_importance,Key_factor_online_purchase,Brand_satisfaction,Purchase_problem,Frequent_apps,Top3_smartphone_activities,Current_brand
Male,18-25,Single,Student,15001-20000,1-3 hours,Necessary,Product feature,3,Concerns about payment security,"Instagram, Facebook, YouTube, Facebook Messenger, Telegram","Watch movies/listen to music, Take photos/videos, Communication/meetings",Realme 7 5G
Male,60+,Single,Business owner,15001-20000,0-1 hours,Not necessary,Product feature,4,Concerns about payment security,"Instagram, Facebook, YouTube, Facebook Messenger, TikTok, Line, X","Watch movies/listen to music, Play games, Cloud apps",Redmi
Male,26-32,Single,Business owner,20001-30000,0-1 hours,Most necessary,Product feature,3,Unable to inspect product,"Instagram, Facebook, Facebook Messenger, TikTok, LINE","Online meetings, Schedule management, Email",Huawei
Female,60+,Married,Business owner,30001-40000,0-1 hours,Most necessary,Price,2,Unable to inspect product,TikTok,Play games,Apple
Male,18-25,Single,Student,15001-20000,More than 5 hours,Most necessary,Product feature,3,Unable to inspect product,"Facebook, YouTube","Watch movies/listen to music, Play games",Huawei
Male,60+,Single,Business owner,20001-30000,0-1 hours,Necessary,Price,3,Warranty or service concerns,"Instagram, YouTube, Spotify, Telegram","Play games, Take photos/videos, Cloud apps",Xiaomi
Female,18-25,Single,Business owner,15001-20000,,Not necessary,Product feature,4,Warranty or service concerns,"Instagram, Facebook, Facebook Messenger, TikTok",Watch movies/listen to music,Realme
Male,26-32,Married,Factory worker,15001-20000,0-1 hours,Most necessary,Product feature,2,Unable to inspect product,"Facebook, Facebook Messenger, Spotify","Watch movies, Play games, Take photos",Huawei
Female,26-32,Single,Student,15001-20000,,Not necessary,Product feature,3,Concerns about payment security,"Instagram, Facebook, YouTube, Snapchat, Facebook Messenger, Spotify, WhatsApp, TikTok","Watch movies/listen to music, Play games, Communication/meetings",Realme
Female,26-32,Single,Private company employee,15001-20000,,Necessary,Product feature,1,Concerns about payment security,"Instagram, Facebook, YouTube, Facebook Messenger, Spotify, TikTok, Telegram","Play games, Watch movies, Take photos",Oppo
Female,26-32,Single,Business owner,20001-30000,More than 5 hours,Necessary,Product feature,1,Unable to inspect product,Instagram,"Play games, Take photos/videos",Huawei
Male,33-40,Single,Private company employee,15001-20000,3-5 hours,Not necessary,Product feature,4,Unable to inspect product,"Instagram, Facebook, YouTube, Facebook Messenger, Telegram","Play games, Take photos/videos, Cloud apps",Infinix
Female,33-40,Married,Private company employee,More than 50001,More than 5 hours,Necessary,Product feature,1,Warranty or service concerns,"Instagram, Facebook, YouTube, Facebook Messenger, TikTok, Telegram",Play games,Oppo
Male,26-32,Single,Private company employee,15001-20000,3-5 hours,Necessary,Product feature,5,Concerns about payment security,"Facebook, Facebook Messenger, Spotify","Watch movies, Listen to music, Take photos",Huawei
Female,33-40,Single,Business owner,15001-20000,1-3 hours,Not necessary,Product feature,2,Unable to inspect product,"Instagram, YouTube, Facebook Messenger, TikTok","Watch movies/listen to music, Take photos/videos, Social media",Apple
Male,33-40,Single,Student,15001-20000,3-5 hours,Necessary,Product feature,3,Unable to inspect product,"Instagram, YouTube, TikTok","Play esports, Stream games, Community chat",Realme
Male,18-25,Married,Private company employee,15001-20000,1-3 hours,Not necessary,Product feature,2,Concerns about payment security,TikTok,"Play games, Streaming, Take photos/videos",Infinix
Female,60+,Single,Private company employee,More than 50001,1-3 hours,Necessary,Product review,3,Unable to inspect product,"Instagram, Facebook, YouTube, Facebook Messenger, TikTok","Watch movies/listen to music, Play games, Cloud apps",Oppo
Female,33-40,Single,Business owner,15001-20000,,Most necessary,Product feature,1,Unable to inspect product,Instagram,"/, Email, Finance",Redmi
Male,60+,Single,Government officer,15001-20000,1-3 hours,Not necessary,Product feature,1,Unable to inspect product,"Instagram, Facebook, YouTube, Facebook Messenger, TikTok, Line","Product photography, Edit reviews, Online marketplace",Vivo
Male,18-25,Single,Business owner,More than 50001,3-5 hours,Most necessary,Product feature,1,Unable to inspect product,"Facebook, Facebook Messenger, Spotify","Play games, Take photos/videos",Samsung
Female,41-50,Single,Business owner,15001-20000,0-1 hours,Not necessary,Product feature,3,Unable to inspect product,"Instagram, TikTok","Watch movies/listen to music, Play games, Communication/meetings",Vivo
Female,26-32,Single,Business owner,20001-30000,,Not necessary,Product feature,3,Warranty or service concerns,Shopee,"Communication/meetings, Social media",Realme
Male,26-32,Single,Business owner,30001-40000,0-1 hours,Not necessary,Product feature,3,Warranty or service concerns,VSCO,"Play games, Streaming, Take photos/videos",Oppo
Male,60+,Single,Private company employee,More than 50001,1-3 hours,Necessary,Product feature,2,Warranty or service concerns,VSCO,"Watch movies/listen to music, Play games, Social media",Oppo
Male,60+,Married,Business owner,20001-30000,,Most necessary,Product feature,5,Delivery delay,"Instagram, Facebook, YouTube",Watch movies/listen to music,Vivo
Male,41-50,Single,Business owner,15001-20000,,Not necessary,Product feature,2,Unable to inspect product,"Facebook, Facebook Messenger, Line","Read news, Check stocks, Finance",Oppo
Female,60+,Single,Business owner,15001-20000,,Not necessary,Product review,2,Delivery delay,"YouTube, Facebook Messenger, Discord, Wise","Watch movies/listen to music, Take photos/videos",Apple
Male,18-25,Single,Private company employee,15001-20000,1-3 hours,Necessary,Product feature,1,Unable to inspect product,"Instagram, YouTube, Spotify, Telegram","Play games, Streaming, Social media",Realme
Female,18-25,Single,Private company employee,15001-20000,3-5 hours,Necessary,Price,1,Unable to inspect product,Shopee,"Watch movies/listen to music, Take photos/videos",Redmi
Male,41-50,Single,Private company employee,30001-40000,,Not necessary,Product feature,2,Unable to inspect product,"Instagram, Facebook, YouTube, Facebook Messenger, Spotify","Watch movies/listen to music, Communication/meetings, Social media",Oppo
Female,33-40,Single,Private company employee,15001-20000,0-1 hours,Not necessary,Product feature,4,Unable to inspect product,"Instagram, Facebook, YouTube, Facebook Messenger, Spotify","Online shopping, Track delivery, Customer chat",Redmi
Male,41-50,Single,Business owner,15001-20000,More than 5 hours,Most necessary,Product feature,2,Unable to inspect product,"Instagram, YouTube, TikTok","Watch movies/listen to music, Social media",Infinix
Male,33-40,Single,Private company employee,More than 50001,0-1 hours,Necessary,Product feature,2,Warranty or service concerns,"Instagram, YouTube, Facebook Messenger, Spotify, TikTok","Online shopping, Social media, Finance",Samsung
Female,41-50,Single,Business owner,20001-30000,More than 5 hours,Necessary,Product feature,4,Unable to inspect product,"Instagram, Facebook, Facebook Messenger, TikTok, Telegram","Play games, Watch movies, Take photos",Xiaomi
Female,33-40,Married,Business owner,15001-20000,More than 5 hours,Necessary,Product feature,5,Concerns about payment security,Google Maps,"Watch movies/listen to music, Play games, Take photos/videos",Huawei
Female,41-50,Married,Private company employee,20001-30000,,Necessary,Product feature,2,Warranty or service concerns,"Instagram, Facebook, YouTube, Facebook Messenger, Spotify, WhatsApp, TikTok, Telegram","Play esports, Stream games, Community chat",Vivo
Female,18-25,Single,Business owner,30001-40000,1-3 hours,Not necessary,Product feature,5,Unable to inspect product,YouTube,"Watch movies/listen to music, Social media",Samsung
Female,33-40,Married,Private company employee,15001-20000,,Not necessary,Product feature,1,Concerns about payment security,Shopee,"Watch movies, Listen to music, Take photos",Redmi
Female,33-40,Single,Student,15001-20000,0-1 hours,Most necessary,Product feature,2,Warranty or service concerns,CapCut,"Play games, Take photos/videos, Social media",Oppo
Female,33-40,Married,Private company employee,15001-20000,1-3 hours,Necessary,Product feature,1,Unable to inspect product,"Facebook, TikTok, Line","Cloud apps, Communication/meetings, Social media",Realme
Male,18-25,Single,Student,15001-20000,More than 5 hours,Most necessary,Product feature,4,Warranty or service concerns,"Instagram, Facebook, YouTube, Facebook Messenger, Spotify, TikTok","Watch movies/listen to music, Play games, Social media",Infinix
Female,60+,Single,Business owner,15001-20000,1-3 hours,Not necessary,Product feature,2,Unable to inspect product,"Instagram, Facebook, YouTube, Facebook Messenger, Spotify, WhatsApp, TikTok, Telegram","Streaming, Take photos/videos, Edit video",Vivo
Female,33-40,Single,Private company employee,15001-20000,1-3 hours,Necessary,Product feature,1,Concerns about payment security,"Instagram, YouTube, Facebook Messenger, Spotify, TikTok","Take photos/videos, Communication/meetings, Social media",Realme
Male,26-32,Married,Student,15001-20000,,Necessary,Product feature,3,Warranty or service concerns,Facebook,"Play games, Take photos/videos",Infinix
Female,41-50,Married,Business owner,15001-20000,,Most necessary,Price,1,Concerns about payment security,Gmail,"Watch movies/listen to music, Play games, Social media",Vivo
Female,60+,Single,Private company employee,15001-20000,More than 5 hours,Most necessary,Product feature,4,Warranty or service concerns,Facebook,"Play games, Take photos, Watch movies",Vivo
Male,60+,Married,Business owner,15001-20000,,Not necessary,Product feature,5,Unable to inspect product,"Instagram, Facebook Messenger, TikTok","Online meetings, Schedule management, Email",Huawei
Female,33-40,Single,Private company employee,15001-20000,3-5 hours,Not necessary,Product review,3,Unable to inspect product,"Instagram, Facebook, YouTube, Snapchat, Facebook Messenger, Spotify, TikTok","Play games, Streaming, Take photos/videos",Xiaomi
Male,26-32,Single,Private company employee,15001-20000,0-1 hours,Necessary,Product feature,1,Warranty or service concerns,Discord,"Watch movies/listen to music, Social media",Infinix
Female,26-32,Single,Private company employee,15001-20000,,Most necessary,Product feature,5,Unable to inspect product,"Instagram, Facebook, YouTube, Snapchat, Facebook Messenger, Spotify, WhatsApp, TikTok","Play games, Take photos/videos",Oppo
Male,26-32,Married,Private company employee,15001-20000,More than 5 hours,Not necessary,Product feature,5,Unable to inspect product,"Instagram, Facebook, YouTube, Facebook Messenger, Spotify","Watch movies, Take photos, Listen to music",Huawei
Male,60+,Married,Private company employee,15001-20000,,Not necessary,Price,4,Unable to inspect product,"Instagram, Facebook, YouTube, Snapchat, Facebook Messenger, Spotify, WhatsApp, TikTok","Watch movies/listen to music, Take photos/videos",Xiaomi
Male,26-32,Married,Private company employee,15001-20000,,Necessary,Product feature,4,Unable to inspect product,"Instagram, Facebook, TikTok","Online shopping, Track delivery, Customer chat",Xiaomi
Male,60+,Married,Business owner,15001-20000,1-3 hours,Not necessary,Product feature,4,Unable to inspect product,"Facebook, TikTok, Line","Take photos, Listen to music, Social media",Huawei
Female,33-40,Single,Business owner,15001-20000,3-5 hours,Necessary,Product feature,1,Warranty or service concerns,"Instagram, Facebook, YouTube, Snapchat, Facebook Messenger, Spotify, WhatsApp, TikTok","Play esports, Stream games, Community chat",Infinix
Male,60+,Single,Business owner,15001-20000,0-1 hours,Not necessary,Product feature,1,Unable to inspect product,"Facebook, Facebook Messenger, Spotify","Art photography, Video editing, Upload stories",Realme
Male,26-32,Single,Private company employee,15001-20000,,Not necessary,Product feature,5,Unable to inspect product,"Instagram, Facebook, TikTok","Communication, Take photos, Social media",Redmi
Female,60+,Single,Business owner,20001-30000,0-1 hours,Necessary,Product feature,3,Warranty or service concerns,"Instagram, Facebook, YouTube, Facebook Messenger, TikTok","Online shopping, Social media, Finance",Realme
Female,60+,Single,Business owner,15001-20000,,Most necessary,Product feature,3,Warranty or service concerns,"Instagram, Facebook, YouTube, Facebook Messenger, Spotify",Watch movies/listen to music,Vivo
Male,41-50,Single,Government officer,15001-20000,0-1 hours,Necessary,Product feature,1,Warranty or service concerns,"Instagram, Facebook, YouTube, Facebook Messenger, Spotify, TikTok","Social media, Take photos/videos, Watch movies/Listen to music",Apple
Male,60+,Married,Private company employee,15001-20000,3-5 hours,Necessary,Product feature,5,Unable to inspect product,VSCO,"/, Email, Finance",Redmi
Female,18-25,Married,Private company employee,30001-40000,0-1 hours,Most necessary,Product feature,2,Unable to inspect product,"YouTube, TikTok","Take photos/videos, Communication/meetings, Social media",Oppo
Male,33-40,Single,Private company employee,15001-20000,,Not necessary,Product feature,2,Unable to inspect product,"Instagram, Facebook, YouTube, Facebook Messenger, TikTok, Telegram","Watch movies/listen to music, Play games, Take photos/videos",Redmi
Female,26-32,Married,Private company employee,15001-20000,0-1 hours,Most necessary,Price,2,Unable to inspect product,"Instagram, Facebook, YouTube, Facebook Messenger","Play games, Take photos, Watch movies",Oppo
Male,18-25,Single,Private company employee,15001-20000,1-3 hours,Not necessary,Product feature,2,Unable to inspect product,"Instagram, Facebook, Facebook Messenger, TikTok, LINE","Online shopping, Social media, Finance",Infinix
Male,26-32,Single,Student,20001-30000,More than 5 hours,Necessary,Product feature,3,Concerns about payment security,"Instagram, Facebook, YouTube, Facebook Messenger, Spotify, WhatsApp, TikTok, Telegram","Play esports, Stream games, Community chat",Realme
Female,60+,Married,Private company employee,20001-30000,1-3 hours,Not necessary,Product feature,4,Unable to inspect product,Telegram,"Product photography, Edit reviews, Online marketplace",Vivo
Female,33-40,Single,Private company employee,20001-30000,0-1 hours,Necessary,Product feature,5,Unable to inspect product,WhatsApp,"Communication/meetings, Social media",Realme
Female,26-32,Single,Private company employee,15001-20000,,Most necessary,Product feature,4,Unable to inspect product,"Instagram, Facebook, Facebook Messenger, TikTok, LINE","/, Email, Finance",Huawei
Female,60+,Married,Private company employee,15001-20000,,Necessary,Product feature,3,Delivery delay,Microsoft Teams,"Watch movies/listen to music, Play games",Apple
Female,18-25,Single,Student,15001-20000,More than 5 hours,Necessary,Product feature,5,Concerns about payment security,Instagram,"Social media, Take photos/videos, Watch movies/Listen to music",Vivo
Male,18-25,Single,Student,15001-20000,More than 5 hours,Most necessary,Price,5,Delivery delay,Facebook,"Watch movies/listen to music, Play games, Social media",Redmi
Female,26-32,Single,Private company employee,15001-20000,3-5 hours,Necessary,Product feature,2,Unable to inspect product,"Instagram, Facebook, TikTok","Read news, Check stocks, Finance",Oppo
Female,26-32,Single,Private company employee,15001-20000,More than 5 hours,Most necessary,Product feature,2,Unable to inspect product,"Instagram, Facebook, YouTube, Spotify, TikTok","Online meetings, Schedule management, Email",Realme 7 5G
Male,33-40,Single,Private company employee,15001-20000,3-5 hours,Not necessary,Product feature,5,Unable to inspect product,"Instagram, YouTube, Facebook Messenger, TikTok","Watch movies/listen to music, Communication/meetings, Social media",Xiaomi
Female,60+,Single,Private company employee,15001-20000,More than 5 hours,Not necessary,Product feature,4,Unable to inspect product,Microsoft Teams,"Watch movies/listen to music, Play games, Cloud apps",Vivo
Male,33-40,Single,Business owner,More than 50001,More than 5 hours,Necessary,Product feature,2,Concerns about payment security,"Facebook, Facebook Messenger, Spotify","Take photos, Listen to music, Social media",Samsung
Female,60+,Married,Business owner,15001-20000,1-3 hours,Necessary,Product feature,4,Concerns about payment security,Facebook,"Art photography, Video editing, Upload stories",Realme 7 5G
Male,26-32,Single,Business owner,20001-30000,More than 5 hours,Necessary,Product feature,5,Warranty or service concerns,"Facebook, Facebook Messenger, Spotify, TikTok","Streaming, Take photos/videos, Edit video",Vivo
Female,33-40,Single,Business owner,15001-20000,More than 5 hours,Most necessary,Product feature,1,Warranty or service concerns,"Instagram, Facebook, YouTube, Facebook Messenger, Spotify, WhatsApp, TikTok, Telegram","Play games, Take photos/videos",Oppo
Female,60+,Single,Private company employee,15001-20000,1-3 hours,Not necessary,Product feature,3,Warranty or service concerns,Discord,"Watch movies, Listen to music, Take photos",Huawei
Female,60+,Single,Factory worker,15001-20000,,Not necessary,Product feature,5,Concerns about payment security,"Instagram, Facebook, YouTube, Facebook Messenger, TikTok, Line","Watch movies/listen to music, Take photos/videos",Xiaomi
Female,33-40,Single,Private company employee,15001-20000,1-3 hours,Necessary,Product feature,1,Unable to inspect product,WhatsApp,"Streaming, Take photos/videos, Edit video",Realme
Male,41-50,Single,Business owner,15001-20000,1-3 hours,Necessary,Product feature,5,Unable to inspect product,YouTube,"Cloud apps, Communication/meetings, Social media",Samsung
Male,26-32,Married,Business owner,15001-20000,,Necessary,Product feature,2,Concerns about payment security,"Instagram, Facebook, YouTube","Take photos, Listen to music, Social media",Vivo
Female,18-25,Single,Private company employee,20001-30000,1-3 hours,Necessary,Product feature,3,Warranty or service concerns,"Instagram, Facebook, YouTube, Facebook Messenger, TikTok","Social media, Take photos/videos, Watch movies/Listen to music",Vivo
Male,60+,Single,Business owner,15001-20000,0-1 hours,Not necessary,Product feature,3,Unable to inspect product,"Instagram, Facebook, YouTube, Facebook Messenger, Spotify","Watch movies/listen to music, Play games, Communication/meetings",Huawei
Male,33-40,Married,Business owner,15001-20000,0-1 hours,Not necessary,Product feature,5,Unable to inspect product,"YouTube, TikTok","Watch movies/listen to music, Take photos/videos, Social media",Redmi
Female,26-32,Single,Private company employee,15001-20000,1-3 hours,Necessary,Product feature,2,Warranty or service concerns,Facebook,"Watch movies, Take photos, Listen to music",Xiaomi
Male,60+,Married,Business owner,30001-40000,More than 5 hours,Necessary,Product feature,2,Unable to inspect product,"Instagram, Spotify, TikTok","Communication, Take photos, Social media",Oppo
Male,33-40,Single,Business owner,15001-20000,,Necessary,Product feature,5,Unable to inspect product,Microsoft Teams,"Product photography, Edit reviews, Online marketplace",Realme
Female,18-25,Single,Business owner,15001-20000,0-1 hours,Not necessary,Product feature,2,Concerns about payment security,"Instagram, Facebook, YouTube, Facebook Messenger, Spotify","Play games, Take photos/videos, Cloud apps",Huawei
Male,41-50,Married,Student,15001-20000,3-5 hours,Necessary,Product feature,3,Unable to inspect product,"Instagram, Facebook, YouTube","Take photos, Listen to music, Social media",Realme
Male,26-32,Single,Student,20001-30000,More than 5 hours,Most necessary,Product review,1,Unable to inspect product,"Instagram, Facebook, YouTube, Facebook Messenger, TikTok","Social media, Take photos/videos, Watch movies/Listen to music",Apple
Female,26-32,Married,Factory worker,30001-40000,1-3 hours,Not necessary,Price,3,Unable to inspect product,VSCO,"Watch movies/listen to music, Social media",Oppo
Female,60+,Married,Student,20001-30000,,Not necessary,Price,2,Unable to inspect product,"Instagram, Facebook, YouTube","/, Email, Finance",Huawei
Male,41-50,Single,Private company employee,15001-20000,1-3 hours,Not necessary,Product review,5,Unable to inspect product,Gmail,"Play games, Take photos/videos, Cloud apps",Apple
Female,18-25,Single,Business owner,More than 50001,More than 5 hours,Necessary,Price,1,Warranty or service concerns,"Instagram, YouTube, Spotify, TikTok","/, Email, Finance",Apple
Female,60+,Single,Private company employee,20001-30000,1-3 hours,Necessary,Product feature,4,Warranty or service concerns,"Instagram, Facebook, YouTube, Facebook Messenger, TikTok, Line, X","Watch movies/listen to music, Communication/meetings, Social media",Vivo
Female,33-40,Single,Private company employee,15001-20000,More than 5 hours,Not necessary,Product feature,1,Concerns about payment security,"Facebook, YouTube",Play games,Xiaomi
Female,33-40,Married,Private company employee,15001-20000,1-3 hours,Necessary,Product feature,3,Unable to inspect product,Shopee,"Track delivery, Customer chat, Email",Oppo
Male,41-50,Single,Business owner,15001-20000,1-3 hours,Necessary,Product feature,4,Warranty or service concerns,"Facebook, YouTube","Chat with family, Read e-books, Listen to radio",Xiaomi
Male,33-40,Married,Private company employee,15001-20000,0-1 hours,Necessary,Product feature,3,Concerns about payment security,"Instagram, Facebook Messenger, TikTok","Watch movies/listen to music, Play games",Apple
Male,33-40,Single,Private company employee,15001-20000,1-3 hours,Necessary,Product feature,3,Unable to inspect product,"Instagram, YouTube, Facebook Messenger, TikTok",Play games,Apple
Male,26-32,Single,Private company employee,15001-20000,,Not necessary,Product feature,4,Delivery delay,"Instagram, YouTube, Spotify, Telegram","/, Email, Finance",Vivo
Female,33-40,Single,Student,15001-20000,,Most necessary,Product feature,1,Unable to inspect product,"Instagram, YouTube, Facebook Messenger, Spotify, TikTok","Watch movies/listen to music, Take photos/videos, Communication/meetings",Huawei
Female,41-50,Single,Business owner,20001-30000,More than 5 hours,Not necessary,Product feature,3,Concerns about payment security,"Facebook, Facebook Messenger, Spotify","Communication, Take photos, Social media",Huawei
Female,18-25,Married,Business owner,15001-20000,1-3 hours,Not necessary,Price,3,Unable to inspect product,"Instagram, Facebook, YouTube, Facebook Messenger, Spotify","Email, , Finance",Infinix
Female,33-40,Single,Private company employee,30001-40000,More than 5 hours,Necessary,Product feature,5,Unable to inspect product,"Instagram, YouTube, Spotify, TikTok","Play esports, Stream games, Community chat",Samsung
Male,33-40,Single,Private company employee,15001-20000,More than 5 hours,Not necessary,Product feature,3,Unable to inspect product,"Facebook, Facebook Messenger, Line","Cloud apps, Communication/meetings, Social media",Apple
Male,60+,Single,Student,15001-20000,1-3 hours,Most necessary,Product feature,2,Concerns about payment security,"Facebook, YouTube","Play games, Take photos/videos, Cloud apps",Xiaomi
Male,26-32,Single,Business owner,15001-20000,1-3 hours,Not necessary,Product feature,3,Unable to inspect product,VSCO,"Watch movies/listen to music, Play games, Cloud apps",Xiaomi
Male,60+,Single,Private company employee,15001-20000,,Not necessary,Product feature,2,Unable to inspect product,"Facebook, YouTube, Facebook Messenger","/, Email, Finance",Realme
Male,60+,Single,Private company employee,15001-20000,,Not necessary,Product feature,3,Unable to inspect product,"Facebook, YouTube, Facebook Messenger, Spotify","Chat with family, Read e-books, Listen to radio",Samsung
Female,41-50,Single,Private company employee,15001-20000,0-1 hours,Necessary,Product feature,4,Warranty or service concerns,"Instagram, YouTube, Facebook Messenger, Spotify, TikTok","Watch movies, Take photos, Listen to music",Realme 7 5G
Female,18-25,Single,Business owner,15001-20000,3-5 hours,Most necessary,Product feature,5,Warranty or service concerns,LINE,"Watch movies/listen to music, Play games, Social media",Apple
Female,60+,Single,Private company employee,15001-20000,1-3 hours,Most necessary,Product feature,5,Unable to inspect product,Shopee,"Watch movies/listen to music, Communication/meetings, Social media",Infinix
Female,60+,Single,Private company employee,15001-20000,,Necessary,Product feature,5,Unable to inspect product,"Instagram, Facebook, YouTube","Take photos, Listen to music, Social media",Oppo
Female,26-32,Single,Business owner,15001-20000,3-5 hours,Necessary,Product feature,2,Unable to inspect product,"Instagram, Facebook, YouTube, Facebook Messenger, Telegram","Watch movies/listen to music, Play games",Oppo
Female,60+,Single,Business owner,15001-20000,3-5 hours,Not necessary,Product feature,1,Warranty or service concerns,"Instagram, Facebook, YouTube, Facebook Messenger, TikTok, Line, X","Watch movies, Listen to music, Take photos",Samsung
Female,33-40,Single,Business owner,15001-20000,1-3 hours,Most necessary,Product feature,4,Warranty or service concerns,"Instagram, Facebook, Facebook Messenger, TikTok","Play games, Take photos/videos, Cloud apps",Apple
Male,26-32,Single,Business owner,20001-30000,3-5 hours,Necessary,Product feature,2,Warranty or service concerns,WhatsApp,"Streaming, Take photos/videos, Edit video",Huawei
Male,41-50,Married,Business owner,15001-20000,0-1 hours,Not necessary,Product feature,1,Unable to inspect product,LINE,"Read news, Check stocks, Finance",Huawei
Male,18-25,Single,Private company employee,15001-20000,,Necessary,Product feature,2,Warranty or service concerns,"Facebook, TikTok, Line",Play games,Oppo
Female,60+,Single,Private company employee,15001-20000,0-1 hours,Necessary,Product feature,2,Delivery delay,"YouTube, TikTok","Email, , Finance",Infinix
Male,26-32,Married,Private company employee,15001-20000,,Not necessary,Product feature,1,Unable to inspect product,"YouTube, TikTok","Read news, Check stocks, Finance",Realme
Male,26-32,Single,Business owner,15001-20000,1-3 hours,Necessary,Product feature,5,Unable to inspect product,"Instagram, YouTube, Facebook Messenger, TikTok","Take photos/videos, Communication/meetings, Social media",Huawei
Female,26-32,Married,Business owner,20001-30000,,Not necessary,Product feature,4,Unable to inspect product,Shopee,"Take photos/videos, Watch movies/Listen to music, Online shopping",Realme
Male,33-40,Single,Business owner,More than 50001,1-3 hours,Necessary,Product feature,4,Unable to inspect product,"Instagram, Facebook, YouTube, TikTok","Play games, Take photos/videos, Cloud apps",Oppo
Female,60+,Married,Private company employee,15001-20000,More than 5 hours,Necessary,Product feature,1,Concerns about payment security,"Facebook, TikTok, Line","Social media, Take photos/videos, Watch movies/Listen to music",Apple
Male,26-32,Married,Private company employee,20001-30000,More than 5 hours,Not necessary,Product feature,1,Unable to inspect product,"Instagram, YouTube, Facebook Messenger, Spotify, TikTok","Play games, Take photos/videos",Huawei
Female,26-32,Single,Private company employee,15001-20000,0-1 hours,Necessary,Price,4,Warranty or service concerns,VSCO,"TikTok, Livestream, Search information",Oppo
Female,26-32,Married,Private company employee,20001-30000,,Necessary,Product feature,5,Unable to inspect product,"Instagram, Facebook, YouTube, Facebook Messenger, Spotify, WhatsApp, TikTok, Telegram","Play games, Take photos/videos, Social media",Xiaomi
Male,41-50,Married,Business owner,15001-20000,3-5 hours,Necessary,Product feature,3,Unable to inspect product,Facebook,"Email, , Finance",Infinix
Male,60+,Single,Private company employee,15001-20000,More than 5 hours,Most necessary,Product feature,5,Warranty or service concerns,"Instagram, Facebook, YouTube, Snapchat, Facebook Messenger, Spotify, TikTok","Take photos/videos, Communication/meetings, Social media",Huawei
Male,26-32,Single,Private company employee,15001-20000,More than 5 hours,Necessary,Product feature,4,Concerns about payment security,"YouTube, TikTok","Chat with family, Read e-books, Listen to radio",Apple
Male,26-32,Married,Private company employee,15001-20000,1-3 hours,Most necessary,Product feature,2,Unable to inspect product,"Facebook, YouTube, Facebook Messenger, Spotify","Watch movies/listen to music, Take photos/videos",Samsung
Male,60+,Married,Government officer,15001-20000,0-1 hours,Not necessary,Product feature,2,Warranty or service concerns,"Instagram, Facebook Messenger, TikTok","Track delivery, Customer chat, Email",Realme 7 5G
Male,18-25,Single,Private company employee,15001-20000,3-5 hours,Not necessary,Product feature,4,Concerns about payment security,"Instagram, Facebook, YouTube, Facebook Messenger, Telegram","TikTok, Livestream, Search information",Xiaomi
Female,26-32,Married,Private company employee,30001-40000,3-5 hours,Necessary,Product feature,2,Warranty or service concerns,Facebook Messenger,"Online meetings, Schedule management, Email",Samsung
Female,41-50,Single,Student,15001-20000,More than 5 hours,Necessary,Product review,5,Unable to inspect product,"Facebook, YouTube","Streaming, Take photos/videos, Edit video",Oppo
Male,26-32,Single,Private company employee,More than 50001,3-5 hours,Necessary,Product feature,5,Unable to inspect product,Instagram,"Watch movies/listen to music, Take photos/videos, Social media",Apple
Female,18-25,Single,Business owner,More than 50001,1-3 hours,Necessary,Product feature,1,Warranty or service concerns,CapCut,"Play games, Take photos/videos, Cloud apps",Samsung
Male,26-32,Single,Business owner,15001-20000,0-1 hours,Necessary,Product feature,1,Unable to inspect product,"Instagram, YouTube, TikTok","Watch movies/listen to music, Play games",Samsung
Male,26-32,Married,Private company employee,15001-20000,More than 5 hours,Not necessary,Product review,2,Warranty or service concerns,"Instagram, Spotify, TikTok","Watch movies/listen to music, Take photos/videos",Samsung
Female,60+,Married,Private company employee,15001-20000,0-1 hours,Necessary,Product feature,5,Warranty or service concerns,"Instagram, YouTube, Spotify, TikTok","Play esports, Stream games, Community chat",Xiaomi
Female,33-40,Single,Private company employee,15001-20000,More than 5 hours,Necessary,Product feature,3,Warranty or service concerns,"YouTube, Facebook Messenger, Discord, Wise","Watch movies, Take photos, Listen to music",Realme 7 5G
Female,60+,Married,Private company employee,15001-20000,More than 5 hours,Not necessary,Product feature,2,Unable to inspect product,"Instagram, Facebook, Facebook Messenger, TikTok","GPS navigation, Check car condition, Listen to podcasts",Realme 7 5G
Male,18-25,Married,Factory worker,15001-20000,,Not necessary,Product feature,2,Concerns about payment security,Discord,"TikTok, Livestream, Search information",Vivo
Female,41-50,Married,Business owner,20001-30000,1-3 hours,Not necessary,Price,3,Unable to inspect product,YouTube,"/, Email, Finance",Vivo
Male,33-40,Single,Private company employee,15001-20000,3-5 hours,Not necessary,Product feature,3,Warranty or service concerns,"Instagram, Facebook, YouTube, Spotify, TikTok","Play esports, Stream games, Community chat",Realme
Female,18-25,Single,Private company employee,20001-30000,0-1 hours,Not necessary,Product review,3,Warranty or service concerns,"Instagram, Facebook, YouTube, TikTok","Play games, Streaming, Take photos/videos",Realme
Male,26-32,Single,Government officer,15001-20000,3-5 hours,Not necessary,Product feature,4,Unable to inspect product,Discord,"Product photography, Edit reviews, Online marketplace",Oppo
Female,26-32,Single,Private company employee,15001-20000,0-1 hours,Not necessary,Product feature,5,Unable to inspect product,Facebook,"Play games, Take photos/videos, Social media",Vivo
Male,33-40,Single,Factory worker,15001-20000,0-1 hours,Necessary,Product feature,4,Delivery delay,Instagram,"Watch movies/listen to music, Play games",Oppo
Female,60+,Single,Private company employee,15001-20000,More than 5 hours,Not necessary,Product feature,3,Concerns about payment security,"Instagram, Facebook, YouTube, Facebook Messenger, Spotify","Email, , Finance",Xiaomi
Male,41-50,Single,Business owner,15001-20000,,Necessary,Price,1,Concerns about payment security,"Instagram, Facebook, TikTok",Watch movies/listen to music,Apple
Female,33-40,Single,Business owner,15001-20000,,Most necessary,Product feature,5,Unable to inspect product,Facebook,"Product photography, Edit reviews, Online marketplace",Realme
Male,33-40,Single,Business owner,20001-30000,1-3 hours,Most necessary,Product feature,2,Concerns about payment security,SET,"Watch movies/listen to music, Play games, Take photos",Xiaomi
Female,18-25,Single,Private company employee,More than 50001,0-1 hours,Necessary,Product feature,2,Unable to inspect product,"Instagram, Facebook, YouTube, Facebook Messenger, Telegram","Play games, Streaming, Social media",Apple
Male,26-32,Single,Business owner,15001-20000,,Most necessary,Product feature,1,Unable to inspect product,"Instagram, Facebook, YouTube, TikTok","Watch movies/listen to music, Play games, Take photos/videos",Apple
Female,26-32,Single,Business owner,15001-20000,3-5 hours,Necessary,Product review,3,Concerns about payment security,"Instagram, Facebook, Facebook Messenger, TikTok","Take photos, Listen to music, Social media",Apple
Female,60+,Single,Factory worker,15001-20000,1-3 hours,Necessary,Product feature,4,Unable to inspect product,"Instagram, Facebook, Facebook Messenger, TikTok","Watch movies, Take photos, Listen to music",Realme
Female,18-25,Married,Private company employee,15001-20000,3-5 hours,Not necessary,Product feature,2,Concerns about payment security,"Instagram, Facebook, TikTok","Watch movies/listen to music, Play games, Cloud apps",Realme 7 5G
Female,18-25,Single,Private company employee,15001-20000,,Not necessary,Price,5,Concerns about payment security,"Instagram, Facebook, YouTube, Facebook Messenger, TikTok, Line, X","Play games, Streaming, Take photos/videos",Apple
Male,33-40,Single,Private company employee,20001-30000,1-3 hours,Not necessary,Product feature,5,Unable to inspect product,Gmail,"Watch movies/listen to music, Play games, Cloud apps",Vivo
Male,26-32,Married,Private company employee,15001-20000,3-5 hours,Necessary,Product feature,2,Delivery delay,"Facebook, YouTube, Facebook Messenger, TikTok","/, Email, Finance",Apple
Female,33-40,Single,Private company employee,15001-20000,3-5 hours,Not necessary,Product feature,2,Unable to inspect product,"Instagram, YouTube, Facebook Messenger, Spotify, TikTok","Read news, Check stocks, Finance",Redmi
Female,60+,Single,Private company employee,15001-20000,1-3 hours,Not necessary,Product feature,3,Warranty or service concerns,"Instagram, Facebook, YouTube, Facebook Messenger, Spotify","TikTok, Livestream, Search information",Infinix
Female,60+,Married,Business owner,15001-20000,More than 5 hours,Not necessary,Product feature,2,Warranty or service concerns,Microsoft Teams,"Cloud apps, Communication/meetings, Social media",Xiaomi
Female,60+,Single,Student,30001-40000,,Not necessary,Product feature,4,Unable to inspect product,"Instagram, Facebook, YouTube, Spotify, TikTok","Take photos/videos, Watch movies/Listen to music, Online shopping",Oppo
Male,33-40,Single,Private company employee,15001-20000,More than 5 hours,Most necessary,Product review,2,Concerns about payment security,Instagram,"Play games, Take photos/videos",Samsung
Female,18-25,Single,Business owner,15001-20000,0-1 hours,Not necessary,Product feature,3,Warranty or service concerns,LINE,"Watch movies/listen to music, Social media",Realme 7 5G
Female,60+,Single,Private company employee,15001-20000,0-1 hours,Necessary,Product feature,1,Warranty or service concerns,"Instagram, Facebook, YouTube, Snapchat, Facebook Messenger, Spotify, TikTok","Play games, Take photos/videos, Cloud apps",Apple
Female,26-32,Single,Government officer,15001-20000,1-3 hours,Necessary,Product feature,1,Unable to inspect product,Google Maps,"Communication, Take photos, Social media",Realme 7 5G
Female,33-40,Married,Business owner,15001-20000,More than 5 hours,Not necessary,Product feature,4,Concerns about payment security,Shopee,"Watch movies/listen to music, Play games, Social media",Vivo
Female,60+,Single,Student,More than 50001,0-1 hours,Necessary,Product review,2,Unable to inspect product,"Instagram, Facebook, YouTube, Snapchat, Facebook Messenger, Spotify, WhatsApp, TikTok, Telegram","Watch movies, Take photos, Listen to music",Oppo
Female,26-32,Single,Business owner,15001-20000,,Not necessary,Product feature,5,Concerns about payment security,"Instagram, Facebook, YouTube","Read news, Check stocks, Finance",Realme 7 5G
Male,26-32,Married,Private company employee,15001-20000,1-3 hours,Necessary,Product feature,5,Unable to inspect product,Microsoft Teams,"Play esports, Stream games, Community chat",Oppo
Female,18-25,Single,Private company employee,15001-20000,3-5 hours,Necessary,Product feature,2,Warranty or service concerns,"Facebook, YouTube, Facebook Messenger, TikTok","Watch movies/listen to music, Play games, Take photos/videos",Oppo
Female,60+,Single,Student,15001-20000,More than 5 hours,Not necessary,Product feature,2,Warranty or service concerns,"Instagram, Facebook, YouTube, TikTok","Play games, Take photos, Watch movies",Samsung
Male,60+,Single,Factory worker,20001-30000,0-1 hours,Not necessary,Product feature,1,Unable to inspect product,"Instagram, Spotify, TikTok","Play games, Take photos/videos, Social media",Huawei
Female,26-32,Single,Private company employee,15001-20000,,Not necessary,Product feature,4,Concerns about payment security,"Facebook, Facebook Messenger, Spotify","Watch movies/listen to music, Play games",Realme
Male,33-40,Married,Private company employee,20001-30000,1-3 hours,Most necessary,Product feature,5,Unable to inspect product,"Facebook, YouTube, Facebook Messenger, TikTok","Play games, Streaming, Social media",Vivo
Male,26-32,Single,Government officer,15001-20000,1-3 hours,Not necessary,Product feature,4,Unable to inspect product,"Facebook, YouTube","GPS navigation, Check car condition, Listen to podcasts",Realme
Male,26-32,Single,Business owner,15001-20000,1-3 hours,Most necessary,Product feature,4,Unable to inspect product,Google Maps,"Communication, Take photos, Social media",Realme 7 5G
Male,26-32,Married,Business owner,More than 50001,1-3 hours,Necessary,Product feature,2,Concerns about payment security,"Instagram, Facebook, YouTube, Snapchat, Facebook Messenger, Spotify, WhatsApp, TikTok, Telegram","Track delivery, Customer chat, Email",Oppo
Male,33-40,Single,Business owner,15001-20000,0-1 hours,Necessary,Product feature,4,Unable to inspect product,"Instagram, Facebook, YouTube, TikTok","Chat with family, Read e-books, Listen to radio",Realme
Male,18-25,Single,Private company employee,15001-20000,3-5 hours,Not necessary,Product review,5,Unable to inspect product,LINE,"Read news, Check stocks, Finance",Realme
Male,26-32,Married,Business owner,30001-40000,1-3 hours,Not necessary,Product review,3,Unable to inspect product,Shopee,"Watch movies/listen to music, Play games, Take photos",Samsung
Female,26-32,Married,Student,20001-30000,3-5 hours,Most necessary,Product feature,2,Warranty or service concerns,"Instagram, Facebook, YouTube, Snapchat, Facebook Messenger, Spotify, TikTok","/, Email, Finance",Realme
Female,60+,Married,Private company employee,15001-20000,1-3 hours,Not necessary,Product review,4,Unable to inspect product,VSCO,Play games,Huawei
Female,33-40,Single,Student,15001-20000,,Most necessary,Product feature,4,Concerns about payment security,"Instagram, YouTube, Spotify, Telegram","Watch movies/listen to music, Social media",Huawei
Male,26-32,Single,Private company employee,15001-20000,0-1 hours,Most necessary,Product feature,2,Unable to inspect product,"Facebook, YouTube, Facebook Messenger, Spotify","Watch movies/listen to music, Play games, Social media",Xiaomi
Female,26-32,Single,Private company employee,More than 50001,,Necessary,Product feature,3,Warranty or service concerns,"Instagram, Facebook, Facebook Messenger, TikTok","Play games, Take photos/videos, Social media",Oppo
Female,26-32,Single,Government officer,15001-20000,0-1 hours,Necessary,Product feature,3,Unable to inspect product,"Facebook, TikTok, Line","Product photography, Edit reviews, Online marketplace",Apple
Male,18-25,Single,Private company employee,More than 50001,More than 5 hours,Not necessary,Product feature,2,Unable to inspect product,"Instagram, Facebook, YouTube, Spotify, TikTok","Watch movies/listen to music, Play games, Communication/meetings",Samsung
Male,60+,Single,Private company employee,15001-20000,More than 5 hours,Not necessary,Product feature,2,Unable to inspect product,"Instagram, Facebook, TikTok","Streaming, Take photos/videos, Edit video",Realme
Female,60+,Single,Business owner,More than 50001,1-3 hours,Necessary,Product feature,3,Unable to inspect product,YouTube,"Take photos, Listen to music, Social media",Apple
Male,33-40,Married,Private company employee,15001-20000,3-5 hours,Necessary,Product feature,4,Warranty or service concerns,"Instagram, YouTube, TikTok","Play games, Streaming, Take photos/videos",Vivo
Female,33-40,Married,Private company employee,15001-20000,More than 5 hours,Not necessary,Product feature,4,Concerns about payment security,"Instagram, Facebook, YouTube, Snapchat, Facebook Messenger, Spotify, TikTok","Watch movies/listen to music, Take photos/videos, Social media",Xiaomi
Male,41-50,Single,Private company employee,15001-20000,More than 5 hours,Most necessary,Price,3,Unable to inspect product,"Instagram, Facebook, YouTube, Snapchat, Facebook Messenger, Spotify, WhatsApp, TikTok, Telegram","Play games, Take photos, Watch movies",Redmi
Female,60+,Single,Private company employee,30001-40000,,Most necessary,Product feature,1,Unable to inspect product,"Instagram, YouTube, TikTok",Watch movies/listen to music,Samsung
Female,60+,Single,Private company employee,30001-40000,1-3 hours,Most necessary,Product feature,5,Unable to inspect product,Facebook,"Watch movies/listen to music, Play games, Cloud apps",Samsung
Female,41-50,Single,Private company employee,15001-20000,1-3 hours,Most necessary,Product feature,4,Unable to inspect product,Instagram,"Communication/meetings, Social media",Vivo
Male,41-50,Single,Private company employee,15001-20000,1-3 hours,Necessary,Product feature,1,Unable to inspect product,LINE,"GPS navigation, Check car condition, Listen to podcasts",Oppo
Female,26-32,Single,Private company employee,15001-20000,1-3 hours,Necessary,Product review,3,Unable to inspect product,Microsoft Teams,"Watch movies/listen to music, Take photos/videos, Social media",Infinix
Male,26-32,Single,Private company employee,30001-40000,0-1 hours,Not necessary,Product feature,1,Concerns about payment security,TikTok,"Watch movies/listen to music, Communication/meetings, Social media",Samsung
Female,18-25,Married,Private company employee,15001-20000,,Not necessary,Product feature,4,Unable to inspect product,"Facebook, YouTube, Facebook Messenger","Watch movies/listen to music, Play games",Oppo
Female,41-50,Single,Government officer,More than 50001,0-1 hours,Most necessary,Product feature,3,Unable to inspect product,Gmail,"Watch movies/listen to music, Play games, Social media",Oppo
Male,26-32,Single,Business owner,20001-30000,1-3 hours,Not necessary,Product feature,1,Warranty or service concerns,TikTok,"Watch movies/listen to music, Take photos/videos, Communication/meetings",Vivo
Male,41-50,Single,Business owner,30001-40000,3-5 hours,Necessary,Product feature,3,Unable to inspect product,SET,"Online shopping, Track delivery, Customer chat",Samsung
Female,26-32,Married,Private company employee,20001-30000,1-3 hours,Necessary,Product feature,2,Delivery delay,"Facebook, Facebook Messenger, Spotify","Take photos/videos, Watch movies/Listen to music, Online shopping",Vivo
Female,33-40,Single,Business owner,30001-40000,1-3 hours,Necessary,Product feature,3,Unable to inspect product,"Facebook, Facebook Messenger, Line","Communication/meetings, Social media",Samsung
Male,26-32,Single,Student,15001-20000,,Not necessary,Product review,5,Warranty or service concerns,"Instagram, Facebook, YouTube, Facebook Messenger, TikTok","Watch movies, Listen to music, Take photos",Xiaomi
Male,41-50,Married,Private company employee,15001-20000,,Necessary,Product feature,5,Warranty or service concerns,WhatsApp,"GPS navigation, Check car condition, Listen to podcasts",Apple
Male,18-25,Single,Student,15001-20000,1-3 hours,Necessary,Product feature,4,Unable to inspect product,TikTok,"Play games, Take photos, Watch movies",Oppo
Female,41-50,Single,Business owner,15001-20000,More than 5 hours,Necessary,Product feature,4,Unable to inspect product,"Instagram, Facebook, TikTok","Play games, Streaming, Take photos/videos",Xiaomi
Male,33-40,Single,Business owner,30001-40000,More than 5 hours,Not necessary,Product feature,3,Unable to inspect product,Discord,"Watch movies/listen to music, Play games, Social media",Samsung
Male,60+,Single,Business owner,15001-20000,1-3 hours,Not necessary,Product feature,1,Unable to inspect product,"Facebook, TikTok, Line","Watch movies/listen to music, Play games, Take photos",Xiaomi
Female,41-50,Married,Private company employee,More than 50001,0-1 hours,Necessary,Product feature,1,Concerns about payment security,"YouTube, Facebook Messenger, Discord, Wise","Watch movies, Take photos, Listen to music",Oppo
Male,60+,Married,Private company employee,15001-20000,0-1 hours,Most necessary,Product feature,3,Warranty or service concerns,"Instagram, Facebook, Facebook Messenger, TikTok, LINE","Track delivery, Customer chat, Email",Oppo
Female,33-40,Single,Private company employee,15001-20000,,Most necessary,Product feature,5,Concerns about payment security,"Instagram, Facebook, Facebook Messenger, TikTok","TikTok, Livestream, Search information",Oppo
Male,18-25,Single,Private company employee,15001-20000,,Necessary,Product feature,2,Warranty or service concerns,"Instagram, YouTube, Spotify, TikTok","Online meetings, Schedule management, Email",Realme 7 5G
Male,41-50,Single,Private company employee,15001-20000,,Necessary,Product feature,4,Warranty or service concerns,Shopee,"Watch movies/listen to music, Social media",Apple
Male,26-32,Single,Factory worker,15001-20000,3-5 hours,Not necessary,Product feature,2,Warranty or service concerns,"Instagram, Facebook, YouTube, Snapchat, Facebook Messenger, Spotify, WhatsApp, TikTok, Telegram","Online shopping, Track delivery, Customer chat",Apple
Male,60+,Single,Private company employee,15001-20000,3-5 hours,Most necessary,Product feature,5,Unable to inspect product,"Facebook, Facebook Messenger, Spotify","Watch movies/listen to music, Communication/meetings, Social media",Infinix
Female,33-40,Single,Business owner,15001-20000,More than 5 hours,Necessary,Product feature,4,Warranty or service concerns,"Instagram, Spotify, TikTok","Communication/meetings, Social media",Redmi
Female,33-40,Single,Business owner,15001-20000,1-3 hours,Most necessary,Price,3,Unable to inspect product,"Instagram, Facebook, YouTube, Facebook Messenger, Spotify, TikTok","GPS navigation, Check car condition, Listen to podcasts",Samsung
Male,60+,Single,Government officer,15001-20000,3-5 hours,Necessary,Product feature,2,Unable to inspect product,"Facebook, Facebook Messenger, Spotify, TikTok","Take photos/videos, Watch movies/Listen to music, Online shopping",Realme 7 5G
Male,26-32,Single,Business owner,20001-30000,,Not necessary,Product feature,1,Unable to inspect product,"Instagram, YouTube, Facebook Messenger, Spotify, TikTok","Watch movies, Play games, Take photos",Vivo
Male,18-25,Single,Business owner,20001-30000,,Most necessary,Product feature,5,Unable to inspect product,VSCO,"Art photography, Video editing, Upload stories",Vivo
Male,41-50,Single,Private company employee,15001-20000,3-5 hours,Most necessary,Product feature,1,Unable to inspect product,WhatsApp,"Online shopping, Track delivery, Customer chat",Apple
Male,60+,Single,Business owner,15001-20000,0-1 hours,Not necessary,Product feature,3,Unable to inspect product,"Instagram, Facebook, TikTok","Watch movies/listen to music, Play games",Realme
Female,60+,Single,Private company employee,More than 50001,,Necessary,Product feature,2,Unable to inspect product,"Instagram, YouTube, Spotify, TikTok","Product photography, Edit reviews, Online marketplace",Apple
Male,33-40,Single,Business owner,15001-20000,More than 5 hours,Most necessary,Product feature,4,Unable to inspect product,"Facebook, YouTube, Facebook Messenger, Spotify","Streaming, Take photos/videos, Edit video",Vivo
Female,33-40,Single,Private company employee,15001-20000,3-5 hours,Necessary,Product feature,1,Warranty or service concerns,"Instagram, Facebook, Facebook Messenger, Spotify, TikTok","Play games, Take photos/videos",Huawei
Female,33-40,Single,Student,15001-20000,3-5 hours,Necessary,Product feature,4,Unable to inspect product,"Instagram, Facebook, YouTube, Spotify, TikTok","Play games, Take photos, Watch movies",Samsung
Male,60+,Married,Government officer,20001-30000,1-3 hours,Necessary,Product feature,3,Unable to inspect product,"Facebook, Facebook Messenger, Spotify","Play games, Streaming, Take photos/videos",Vivo
Female,26-32,Single,Factory worker,15001-20000,0-1 hours,Most necessary,Product feature,1,Unable to inspect product,"Instagram, Facebook, YouTube, Facebook Messenger, Spotify, WhatsApp, TikTok, Telegram","Product photography, Edit reviews, Online marketplace",Samsung
Male,26-32,Single,Student,More than 50001,1-3 hours,Not necessary,Product feature,1,Delivery delay,TikTok,"Play esports, Stream games, Community chat",Oppo
Female,26-32,Married,Business owner,15001-20000,1-3 hours,Not necessary,Product review,1,Unable to inspect product,VSCO,"Communication/meetings, Social media",Realme
Male,18-25,Single,Business owner,15001-20000,More than 5 hours,Not necessary,Product feature,5,Concerns about payment security,WhatsApp,"Read news, Check stocks, Finance",Oppo
Female,60+,Single,Business owner,15001-20000,0-1 hours,Most necessary,Product feature,2,Unable to inspect product,"Instagram, YouTube, Facebook Messenger, TikTok","Watch movies/listen to music, Communication/meetings, Social media",Vivo
Male,41-50,Single,Business owner,20001-30000,More than 5 hours,Necessary,Product feature,3,Unable to inspect product,Google Maps,"Communication, Take photos, Social media",Xiaomi
Male,33-40,Single,Private company employee,15001-20000,More than 5 hours,Not necessary,Product feature,3,Warranty or service concerns,"Instagram, Facebook, YouTube, Facebook Messenger, TikTok, Telegram","Play games, Take photos/videos",Xiaomi
Female,33-40,Single,Government officer,15001-20000,3-5 hours,Not necessary,Product feature,4,Unable to inspect product,"Instagram, YouTube, Spotify, TikTok","Online shopping, Social media, Finance",Huawei
Female,60+,Married,Student,20001-30000,1-3 hours,Necessary,Product feature,3,Unable to inspect product,"Facebook, YouTube, Facebook Messenger, TikTok","Art photography, Video editing, Upload stories",Xiaomi
Female,33-40,Single,Government officer,15001-20000,,Necessary,Product feature,2,Warranty or service concerns,"Facebook, YouTube, Facebook Messenger","Online shopping, Social media, Finance",Oppo
Female,60+,Married,Private company employee,15001-20000,More than 5 hours,Not necessary,Product feature,5,Unable to inspect product,YouTube,"Watch movies/listen to music, Take photos/videos",Samsung
Female,41-50,Single,Government officer,20001-30000,1-3 hours,Most necessary,Product feature,5,Warranty or service concerns,"Instagram, Facebook, YouTube, Facebook Messenger, TikTok","Track delivery, Customer chat, Email",Vivo
Female,60+,Married,Factory worker,15001-20000,3-5 hours,Necessary,Product feature,5,Concerns about payment security,"YouTube, TikTok","Watch movies/listen to music, Play games, Take photos/videos",Realme
Female,26-32,Single,Private company employee,15001-20000,More than 5 hours,Necessary,Product feature,4,Unable to inspect product,"Instagram, YouTube, Spotify, Telegram","Art photography, Video editing, Upload stories",Samsung
Male,60+,Single,Student,15001-20000,,Necessary,Product feature,5,Concerns about payment security,"Instagram, Facebook, TikTok","Watch movies, Listen to music, Take photos",Apple
Male,26-32,Married,Business owner,15001-20000,1-3 hours,Most necessary,Product feature,4,Delivery delay,"Instagram, Facebook, YouTube","Social media, Take photos/videos, Watch movies/Listen to music",Xiaomi
Male,60+,Married,Private company employee,20001-30000,More than 5 hours,Most necessary,Product feature,2,Unable to inspect product,Microsoft Teams,"Play games, Watch movies, Take photos",Vivo
Male,33-40,Single,Business owner,20001-30000,,Not necessary,Price,5,Delivery delay,"Facebook, Facebook Messenger, Spotify, TikTok","Read news, Check stocks, Finance",Xiaomi
Male,18-25,Single,Private company employee,15001-20000,More than 5 hours,Not necessary,Product feature,1,Unable to inspect product,Gmail,"Watch movies, Listen to music, Take photos",Infinix
Female,60+,Single,Factory worker,15001-20000,0-1 hours,Most necessary,Product feature,5,Unable to inspect product,Shopee,"Product photography, Edit reviews, Online marketplace",Huawei
Male,26-32,Single,Private company employee,15001-20000,More than 5 hours,Most necessary,Price,4,Unable to inspect product,"Facebook, YouTube","Watch movies/listen to music, Play games, Take photos/videos",Apple
Female,33-40,Single,Private company employee,15001-20000,,Necessary,Product feature,1,Unable to inspect product,"Instagram, Facebook, Facebook Messenger, TikTok, LINE","Read news, Check stocks, Finance",Realme
Female,60+,Single,Business owner,More than 50001,More than 5 hours,Most necessary,Product feature,3,Warranty or service concerns,Facebook Messenger,"Email, , Finance",Samsung
Male,33-40,Single,Business owner,15001-20000,,Necessary,Product feature,1,Unable to inspect product,"Instagram, Facebook, YouTube, Facebook Messenger, Spotify","TikTok, Livestream, Search information",Realme 7 5G
Female,60+,Single,Business owner,15001-20000,,Necessary,Product feature,5,Warranty or service concerns,"Instagram, Facebook, Facebook Messenger, TikTok, Telegram","Play esports, Stream games, Community chat",Xiaomi
Female,33-40,Single,Private company employee,15001-20000,1-3 hours,Necessary,Product feature,2,Warranty or service concerns,Instagram,"Product photography, Edit reviews, Online marketplace",Samsung
Female,33-40,Single,Business owner,15001-20000,1-3 hours,Necessary,Product feature,1,Unable to inspect product,"Instagram, Facebook, YouTube, Facebook Messenger","Communication/meetings, Social media",Vivo
Female,60+,Single,Private company employee,15001-20000,1-3 hours,Most necessary,Product feature,5,Unable to inspect product,Gmail,"Watch movies/listen to music, Take photos/videos, Social media",Huawei
Female,18-25,Single,Business owner,15001-20000,More than 5 hours,Necessary,Price,3,Unable to inspect product,Telegram,"Social media, Take photos/videos, Watch movies/Listen to music",Apple
Female,60+,Single,Private company employee,30001-40000,More than 5 hours,Not necessary,Product feature,3,Warranty or service concerns,SET,"Watch movies/listen to music, Take photos/videos, Communication/meetings",Samsung
Male,26-32,Single,Private company employee,15001-20000,1-3 hours,Not necessary,Product feature,2,Warranty or service concerns,"Instagram, YouTube, Facebook Messenger, Spotify, TikTok","Play esports, Stream games, Community chat",Samsung
Female,33-40,Single,Private company employee,15001-20000,,Necessary,Product feature,2,Concerns about payment security,LINE,"Track delivery, Customer chat, Email",Xiaomi
Male,60+,Single,Private company employee,More than 50001,,Necessary,Product feature,1,Delivery delay,"Instagram, YouTube, TikTok","Take photos/videos, Communication/meetings, Social media",Oppo
Male,41-50,Single,Business owner,15001-20000,,Most necessary,Product feature,3,Concerns about payment security,"Instagram, Facebook, YouTube, Snapchat, Facebook Messenger, Spotify, WhatsApp, TikTok, Telegram","Take photos/videos, Communication/meetings, Social media",Xiaomi
Female,18-25,Single,Factory worker,15001-20000,,Not necessary,Product feature,4,Concerns about payment security,"Instagram, Facebook, YouTube","Art photography, Video editing, Upload stories",Huawei
Female,33-40,Single,Business owner,15001-20000,,Most necessary,Product feature,2,Unable to inspect product,SET,"Watch movies/listen to music, Communication/meetings, Social media",Infinix
Female,60+,Single,Student,15001-20000,,Necessary,Product feature,5,Delivery delay,SET,"Play games, Take photos, Watch movies",Xiaomi
Female,18-25,Single,Factory worker,15001-20000,,Most necessary,Product feature,5,Unable to inspect product,"Instagram, Facebook, YouTube, Snapchat, Facebook Messenger, Spotify, WhatsApp, TikTok, Telegram","Play games, Take photos, Watch movies",Apple
Female,26-32,Married,Private company employee,15001-20000,1-3 hours,Necessary,Product feature,4,Concerns about payment security,SET,Watch movies/listen to music,Apple
Male,41-50,Single,Private company employee,15001-20000,More than 5 hours,Not necessary,Product feature,2,Warranty or service concerns,Microsoft Teams,"Communication/meetings, Social media",Realme
Male,33-40,Single,Business owner,20001-30000,,Most necessary,Product feature,5,Unable to inspect product,Discord,"Play games, Take photos, Watch movies",Apple
Female,26-32,Married,Government officer,30001-40000,,Not necessary,Product feature,5,Unable to inspect product,TikTok,"Play games, Streaming, Social media",Oppo
Female,60+,Single,Business owner,15001-20000,0-1 hours,Necessary,Product feature,3,Warranty or service concerns,"Instagram, Facebook, YouTube, Facebook Messenger, TikTok, Line, X","Online meetings, Schedule management, Email",Xiaomi
Female,18-25,Single,Business owner,15001-20000,,Most necessary,Product feature,5,Warranty or service concerns,"Instagram, Facebook, YouTube, Spotify, TikTok","Watch movies/listen to music, Play games, Communication/meetings",Samsung
Male,60+,Single,Private company employee,15001-20000,More than 5 hours,Necessary,Product feature,1,Warranty or service concerns,"Instagram, Facebook, YouTube, Facebook Messenger, Telegram","Play games, Take photos, Watch movies",Realme
Male,41-50,Single,Business owner,20001-30000,More than 5 hours,Not necessary,Product feature,5,Unable to inspect product,Discord,"Take photos/videos, Watch movies/Listen to music, Online shopping",Vivo
Male,33-40,Single,Business owner,15001-20000,,Not necessary,Product feature,4,Concerns about payment security,"YouTube, TikTok","Communication, Take photos, Social media",Infinix
Male,18-25,Single,Student,15001-20000,More than 5 hours,Most necessary,Product feature,4,Delivery delay,TikTok,"Play games, Streaming, Social media",Realme
Female,26-32,Single,Private company employee,15001-20000,1-3 hours,Necessary,Product feature,2,Warranty or service concerns,TikTok,"Watch movies/listen to music, Play games, Social media",Apple
Male,33-40,Single,Private company employee,30001-40000,0-1 hours,Most necessary,Product feature,3,Unable to inspect product,"Facebook, YouTube, Facebook Messenger, Spotify","Play games, Take photos, Watch movies",Samsung
Male,33-40,Single,Private company employee,15001-20000,,Not necessary,Product feature,3,Warranty or service concerns,Telegram,"Social media, Take photos/videos, Watch movies/Listen to music",Apple
Female,18-25,Single,Student,More than 50001,More than 5 hours,Not necessary,Product feature,3,Unable to inspect product,"Instagram, YouTube, TikTok","Take photos/videos, Watch movies/Listen to music, Online shopping",Samsung
Female,60+,Single,Factory worker,More than 50001,,Most necessary,Product feature,2,Unable to inspect product,"Instagram, Facebook, YouTube, Facebook Messenger, Telegram","Play esports, Stream games, Community chat",Oppo
Female,18-25,Single,Private company employee,30001-40000,More than 5 hours,Necessary,Product feature,3,Unable to inspect product,"Facebook, Facebook Messenger, Spotify","Play games, Streaming, Take photos/videos",Oppo
Male,60+,Single,Government officer,15001-20000,More than 5 hours,Necessary,Product feature,1,Delivery delay,"Instagram, YouTube, Facebook Messenger, TikTok","Online shopping, Track delivery, Customer chat",Apple
Female,18-25,Single,Private company employee,15001-20000,3-5 hours,Most necessary,Product feature,2,Unable to inspect product,"Instagram, Facebook, Facebook Messenger, Spotify, TikTok","Track delivery, Customer chat, Email",Oppo
Female,41-50,Married,Private company employee,More than 50001,,Not necessary,Product feature,2,Unable to inspect product,"Instagram, Facebook, YouTube, Snapchat, Facebook Messenger, Spotify, WhatsApp, TikTok","Cloud apps, Communication/meetings, Social media",Apple
Male,26-32,Married,Factory worker,15001-20000,,Necessary,Product feature,5,Unable to inspect product,"Instagram, YouTube, TikTok","Watch movies/listen to music, Social media",Realme
Female,41-50,Single,Student,15001-20000,3-5 hours,Not necessary,Product feature,2,Warranty or service concerns,"Facebook, Facebook Messenger, Spotify","GPS navigation, Check car condition, Listen to podcasts",Oppo
Male,33-40,Single,Student,20001-30000,,Not necessary,Price,3,Concerns about payment security,"Facebook, Facebook Messenger, Spotify","Play games, Streaming, Take photos/videos",Realme
Female,26-32,Single,Private company employee,15001-20000,3-5 hours,Not necessary,Product feature,1,Warranty or service concerns,"Facebook, YouTube, Facebook Messenger, TikTok","Play games, Streaming, Take photos/videos",Apple
Male,33-40,Single,Private company employee,15001-20000,More than 5 hours,Most necessary,Product feature,4,Delivery delay,"Instagram, Facebook, YouTube, Facebook Messenger, TikTok, Line","Play esports, Stream games, Community chat",Oppo
Male,60+,Single,Business owner,15001-20000,More than 5 hours,Necessary,Product feature,4,Unable to inspect product,"Facebook, YouTube, Facebook Messenger","Online shopping, Track delivery, Customer chat",Apple
Male,33-40,Married,Private company employee,15001-20000,,Not necessary,Product feature,3,Unable to inspect product,"Instagram, Facebook, YouTube, Facebook Messenger, Spotify, WhatsApp, TikTok, Telegram","Play games, Watch movies, Take photos",Infinix
Female,60+,Married,Business owner,20001-30000,1-3 hours,Not necessary,Product feature,5,Unable to inspect product,"Instagram, YouTube, Spotify, TikTok","Watch movies/listen to music, Play games, Take photos/videos",Huawei
Female,33-40,Single,Private company employee,15001-20000,0-1 hours,Not necessary,Product feature,1,Concerns about payment security,SET,"Take photos/videos, Watch movies/Listen to music, Online shopping",Samsung
Female,26-32,Single,Private company employee,15001-20000,More than 5 hours,Necessary,Product feature,4,Unable to inspect product,TikTok,"Communication, Take photos, Social media",Huawei
Male,41-50,Single,Business owner,15001-20000,More than 5 hours,Necessary,Product review,2,Concerns about payment security,"Instagram, Facebook, YouTube, Facebook Messenger","Online meetings, Schedule management, Email",Vivo
Male,60+,Single,Private company employee,15001-20000,,Most necessary,Product feature,3,Warranty or service concerns,"Instagram, Facebook, YouTube, Facebook Messenger, Spotify, TikTok","Watch movies, Take photos, Listen to music",Oppo
Male,26-32,Single,Private company employee,15001-20000,0-1 hours,Necessary,Product feature,1,Delivery delay,"Instagram, Facebook, YouTube, Snapchat, Facebook Messenger, Spotify, TikTok","Art photography, Video editing, Upload stories",Huawei
Female,41-50,Single,Business owner,20001-30000,1-3 hours,Necessary,Product feature,5,Concerns about payment security,"Instagram, Facebook, Facebook Messenger, TikTok, LINE","Take photos, Listen to music, Social media",Huawei
Male,41-50,Single,Private company employee,15001-20000,,Necessary,Product feature,1,Warranty or service concerns,"Instagram, Facebook, YouTube, Facebook Messenger, Spotify, TikTok","Take photos/videos, Communication/meetings, Social media",Infinix
Female,26-32,Married,Private company employee,20001-30000,3-5 hours,Most necessary,Product feature,1,Unable to inspect product,"YouTube, TikTok","Communication/meetings, Social media",Vivo
Male,18-25,Single,Business owner,15001-20000,1-3 hours,Not necessary,Price,1,Concerns about payment security,"Facebook, TikTok, Line","Watch movies, Take photos, Listen to music",Huawei
Male,41-50,Married,Government officer,More than 50001,0-1 hours,Not necessary,Product feature,2,Unable to inspect product,Gmail,"Email, , Finance",Oppo
Male,60+,Single,Private company employee,15001-20000,,Necessary,Product feature,4,Concerns about payment security,Gmail,"Play games, Take photos/videos, Cloud apps",Realme 7 5G
Female,60+,Single,Private company employee,15001-20000,More than 5 hours,Most necessary,Product feature,1,Concerns about payment security,CapCut,"Take photos, Listen to music, Social media",Realme 7 5G
Female,60+,Married,Business owner,20001-30000,3-5 hours,Necessary,Product feature,2,Unable to inspect product,"Instagram, Facebook, YouTube, Snapchat, Facebook Messenger, Spotify, TikTok","Play games, Watch movies, Take photos",Huawei
Male,18-25,Single,Student,15001-20000,3-5 hours,Necessary,Product feature,2,Unable to inspect product,Telegram,Watch movies/listen to music,Realme
Male,60+,Married,Private company employee,15001-20000,0-1 hours,Necessary,Product feature,3,Unable to inspect product,"Instagram, Facebook, YouTube, Snapchat, Facebook Messenger, Spotify, WhatsApp, TikTok","Watch movies/listen to music, Take photos/videos",Huawei
Female,60+,Single,Private company employee,15001-20000,More than 5 hours,Not necessary,Product feature,4,Warranty or service concerns,"Instagram, Facebook, YouTube, Snapchat, Facebook Messenger, Spotify, TikTok","Online shopping, Social media, Finance",Realme 7 5G
Female,41-50,Single,Private company employee,15001-20000,,Not necessary,Product feature,5,Unable to inspect product,"Facebook, TikTok, Line","Play games, Take photos/videos",Realme 7 5G
Female,60+,Single,Private company employee,15001-20000,0-1 hours,Most necessary,Product feature,5,Warranty or service concerns,"Instagram, Facebook, YouTube, Facebook Messenger, Spotify, TikTok, Telegram","Play esports, Stream games, Community chat",Vivo
Female,33-40,Single,Business owner,15001-20000,0-1 hours,Not necessary,Product review,3,Unable to inspect product,Microsoft Teams,"Watch movies/listen to music, Take photos/videos",Infinix
Female,60+,Single,Business owner,15001-20000,1-3 hours,Not necessary,Product feature,5,Warranty or service concerns,Microsoft Teams,"Play games, Take photos/videos, Cloud apps",Vivo
Female,41-50,Married,Factory worker,15001-20000,1-3 hours,Most necessary,Product feature,1,Unable to inspect product,"Facebook, TikTok, Line","Watch movies/listen to music, Play games, Take photos",Xiaomi
Female,33-40,Single,Business owner,15001-20000,0-1 hours,Not necessary,Product feature,2,Unable to inspect product,"Instagram, Facebook, YouTube, Facebook Messenger, TikTok, Line, X","/, Email, Finance",Realme
Female,41-50,Single,Business owner,15001-20000,3-5 hours,Necessary,Product feature,5,Delivery delay,"Instagram, Facebook, Facebook Messenger, TikTok, Telegram","Watch movies/listen to music, Communication/meetings, Social media",Infinix
Male,60+,Married,Private company employee,15001-20000,More than 5 hours,Necessary,Price,2,Concerns about payment security,"Instagram, Facebook, YouTube, Facebook Messenger, Spotify, WhatsApp, TikTok, Telegram","Watch movies/listen to music, Social media",Realme
Male,26-32,Single,Business owner,15001-20000,More than 5 hours,Most necessary,Product review,1,Unable to inspect product,YouTube,"Take photos, Listen to music, Social media",Realme
Female,60+,Married,Private company employee,15001-20000,0-1 hours,Not necessary,Product feature,1,Warranty or service concerns,"Instagram, Facebook, Facebook Messenger, Spotify, TikTok","Watch movies/listen to music, Social media",Realme
Male,26-32,Single,Private company employee,15001-20000,1-3 hours,Most necessary,Product feature,3,Unable to inspect product,Instagram,"Watch movies/listen to music, Play games, Social media",Huawei
Male,60+,Married,Business owner,20001-30000,1-3 hours,Not necessary,Product feature,3,Warranty or service concerns,"Instagram, Facebook, YouTube, Facebook Messenger, TikTok, Line","Play games, Take photos, Watch movies",Huawei
Male,41-50,Single,Business owner,15001-20000,1-3 hours,Not necessary,Product feature,5,Concerns about payment security,"Facebook, YouTube","Take photos/videos, Watch movies/Listen to music, Online shopping",Infinix
Female,60+,Single,Private company employee,30001-40000,1-3 hours,Most necessary,Product feature,1,Unable to inspect product,"Facebook, YouTube","Watch movies/listen to music, Play games, Take photos",Samsung
Female,60+,Single,Student,15001-20000,More than 5 hours,Not necessary,Product feature,1,Unable to inspect product,"Instagram, Spotify, TikTok","Social media, Take photos/videos, Watch movies/Listen to music",Realme 7 5G
Female,18-25,Married,Business owner,20001-30000,0-1 hours,Not necessary,Product feature,2,Warranty or service concerns,Instagram,"Play games, Watch movies, Take photos",Vivo
Male,18-25,Single,Private company employee,15001-20000,0-1 hours,Necessary,Product feature,4,Warranty or service concerns,WhatsApp,"Chat with family, Read e-books, Listen to radio",Oppo
Male,18-25,Married,Business owner,15001-20000,3-5 hours,Necessary,Product feature,2,Unable to inspect product,"Instagram, Facebook, YouTube, Snapchat, Facebook Messenger, Spotify, WhatsApp, TikTok, Telegram","Product photography, Edit reviews, Online marketplace",Realme
Female,41-50,Married,Business owner,More than 50001,3-5 hours,Not necessary,Product feature,1,Concerns about payment security,"Instagram, Facebook, YouTube, Spotify, TikTok","Art photography, Video editing, Upload stories",Oppo
Female,18-25,Single,Private company employee,15001-20000,3-5 hours,Necessary,Product feature,1,Unable to inspect product,Microsoft Teams,"Art photography, Video editing, Upload stories",Realme
Female,41-50,Married,Private company employee,15001-20000,3-5 hours,Not necessary,Product feature,3,Unable to inspect product,"Facebook, YouTube",Play games,Realme
Female,33-40,Single,Private company employee,15001-20000,3-5 hours,Necessary,Product feature,4,Concerns about payment security,"Instagram, TikTok","Take photos, Listen to music, Social media",Realme
Male,60+,Single,Private company employee,15001-20000,,Necessary,Product feature,4,Warranty or service concerns,"Facebook, Facebook Messenger, Line","Play games, Take photos, Watch movies",Realme 7 5G
Male,33-40,Single,Student,15001-20000,,Not necessary,Product feature,4,Unable to inspect product,LINE,"Play games, Take photos/videos, Cloud apps",Realme
Female,26-32,Single,Business owner,15001-20000,3-5 hours,Necessary,Product feature,5,Unable to inspect product,Shopee,"Take photos/videos, Watch movies/Listen to music, Online shopping",Xiaomi
Female,33-40,Single,Private company employee,15001-20000,3-5 hours,Necessary,Price,1,Unable to inspect product,"Instagram, Facebook, YouTube","GPS navigation, Check car condition, Listen to podcasts",Huawei
Female,33-40,Single,Student,15001-20000,,Not necessary,Product feature,3,Warranty or service concerns,"Instagram, Facebook, YouTube, Facebook Messenger","Art photography, Video editing, Upload stories",Apple
Male,26-32,Single,Private company employee,20001-30000,1-3 hours,Not necessary,Product feature,3,Unable to inspect product,"Instagram, Facebook, YouTube, Facebook Messenger, Spotify, TikTok","GPS navigation, Check car condition, Listen to podcasts",Huawei
Male,26-32,Single,Business owner,20001-30000,0-1 hours,Necessary,Price,4,Unable to inspect product,Instagram,"Watch movies/listen to music, Play games",Huawei
Female,26-32,Single,Private company employee,15001-20000,3-5 hours,Most necessary,Product review,1,Concerns about payment security,"Facebook, TikTok, Line","Online shopping, Social media, Finance",Xiaomi
Female,60+,Single,Private company employee,15001-20000,,Necessary,Product feature,5,Unable to inspect product,Discord,"Social media, Take photos/videos, Watch movies/Listen to music",Vivo
Male,33-40,Single,Private company employee,15001-20000,More than 5 hours,Not necessary,Product feature,3,Unable to inspect product,"Facebook, YouTube, Facebook Messenger, TikTok","Play games, Streaming, Social media",Apple
Male,33-40,Married,Business owner,15001-20000,0-1 hours,Not necessary,Product feature,5,Unable to inspect product,Microsoft Teams,"Play games, Take photos/videos, Cloud apps",Huawei
Male,33-40,Single,Business owner,15001-20000,More than 5 hours,Not necessary,Product feature,2,Warranty or service concerns,"Instagram, Facebook, YouTube, Facebook Messenger, TikTok","Watch movies/listen to music, Play games, Communication/meetings",Realme
Female,33-40,Single,Private company employee,15001-20000,1-3 hours,Most necessary,Product feature,2,Delivery delay,Instagram,"Online shopping, Social media, Finance",Vivo
Male,26-32,Single,Government officer,15001-20000,1-3 hours,Necessary,Product feature,1,Unable to inspect product,"Instagram, YouTube, TikTok","Watch movies/listen to music, Play games, Social media",Oppo
Male,33-40,Married,Private company employee,15001-20000,1-3 hours,Necessary,Price,3,Unable to inspect product,"Facebook, YouTube, Facebook Messenger","Watch movies/listen to music, Social media",Apple
Male,41-50,Single,Student,15001-20000,,Not necessary,Product feature,5,Unable to inspect product,"Instagram, Facebook, YouTube","Play games, Streaming, Social media",Infinix
Female,26-32,Married,Private company employee,30001-40000,0-1 hours,Necessary,Product feature,1,Unable to inspect product,"Instagram, Facebook, Facebook Messenger, Spotify, TikTok","Watch movies, Take photos, Listen to music",Oppo
Male,33-40,Single,Government officer,20001-30000,0-1 hours,Most necessary,Product feature,1,Warranty or service concerns,Shopee,"GPS navigation, Check car condition, Listen to podcasts",Huawei
Male,26-32,Single,Business owner,More than 50001,1-3 hours,Most necessary,Product feature,3,Concerns about payment security,"Instagram, YouTube, Spotify, Telegram","Play games, Take photos/videos, Social media",Oppo
Male,26-32,Single,Private company employee,15001-20000,0-1 hours,Necessary,Product feature,3,Unable to inspect product,"Instagram, Facebook, Facebook Messenger, Spotify, TikTok","Watch movies/listen to music, Take photos/videos, Communication/meetings",Infinix
Female,60+,Single,Business owner,20001-30000,More than 5 hours,Not necessary,Product feature,2,Unable to inspect product,"Instagram, Facebook, YouTube, Facebook Messenger","Play games, Take photos/videos, Social media",Realme
Female,18-25,Single,Private company employee,15001-20000,More than 5 hours,Not necessary,Product feature,3,Unable to inspect product,YouTube,"Watch movies, Take photos, Listen to music",Xiaomi
Male,41-50,Single,Student,More than 50001,More than 5 hours,Most necessary,Product feature,1,Unable to inspect product,"Instagram, TikTok","Watch movies/listen to music, Play games, Communication/meetings",Samsung
Female,26-32,Single,Private company employee,20001-30000,3-5 hours,Not necessary,Product feature,3,Warranty or service concerns,"Facebook, Facebook Messenger, Spotify, TikTok","Product photography, Edit reviews, Online marketplace",Huawei
Male,33-40,Single,Private company employee,15001-20000,1-3 hours,Necessary,Product feature,2,Warranty or service concerns,"Instagram, Facebook, YouTube, Facebook Messenger, TikTok, Line, X",Play games,Xiaomi
Female,33-40,Married,Student,20001-30000,3-5 hours,Not necessary,Product feature,4,Warranty or service concerns,"Facebook, YouTube, Facebook Messenger, Spotify","Online shopping, Track delivery, Customer chat",Huawei
Female,18-25,Single,Private company employee,15001-20000,3-5 hours,Not necessary,Price,2,Concerns about payment security,"Instagram, Facebook, YouTube, Facebook Messenger, TikTok, Line, X","Chat with family, Read e-books, Listen to radio",Apple
Female,26-32,Married,Business owner,20001-30000,0-1 hours,Necessary,Product feature,2,Unable to inspect product,"Instagram, YouTube, TikTok","Watch movies/listen to music, Play games, Social media",Huawei
Female,26-32,Single,Business owner,30001-40000,1-3 hours,Not necessary,Product feature,1,Unable to inspect product,"Instagram, Facebook, YouTube, Facebook Messenger","Track delivery, Customer chat, Email",Samsung
Female,18-25,Single,Business owner,15001-20000,More than 5 hours,Not necessary,Product feature,2,Unable to inspect product,"Facebook, YouTube, Facebook Messenger",Play games,Apple
Female,18-25,Single,Private company employee,15001-20000,3-5 hours,Most necessary,Product feature,3,Unable to inspect product,"Instagram, Facebook, YouTube","Read news, Check stocks, Finance",Apple
Female,60+,Single,Business owner,15001-20000,1-3 hours,Necessary,Product feature,1,Concerns about payment security,"Instagram, Facebook, TikTok","Play games, Streaming, Social media",Samsung
Male,26-32,Married,Private company employee,30001-40000,1-3 hours,Not necessary,Product feature,2,Unable to inspect product,Facebook Messenger,"Take photos/videos, Watch movies/Listen to music, Online shopping",Samsung
Female,26-32,Single,Private company employee,15001-20000,0-1 hours,Necessary,Product feature,4,Unable to inspect product,"Instagram, Facebook, YouTube, Snapchat, Facebook Messenger, Spotify, WhatsApp, TikTok","Take photos/videos, Communication/meetings, Social media",Huawei
Male,33-40,Single,Private company employee,15001-20000,3-5 hours,Most necessary,Product feature,1,Delivery delay,Google Maps,"Read news, Check stocks, Finance",Xiaomi
Male,33-40,Single,Private company employee,30001-40000,More than 5 hours,Not necessary,Product feature,3,Warranty or service concerns,VSCO,"Take photos/videos, Communication/meetings, Social media",Samsung
Female,33-40,Single,Private company employee,15001-20000,More than 5 hours,Necessary,Product feature,3,Concerns about payment security,"Instagram, YouTube, Facebook Messenger, Spotify, TikTok","Cloud apps, Communication/meetings, Social media",Realme
Female,33-40,Single,Business owner,More than 50001,3-5 hours,Necessary,Product feature,5,Unable to inspect product,"Instagram, Facebook, YouTube, Facebook Messenger, Telegram","Product photography, Edit reviews, Online marketplace",Samsung
Female,26-32,Single,Business owner,15001-20000,1-3 hours,Necessary,Product feature,1,Warranty or service concerns,"Instagram, Facebook, YouTube, Snapchat, Facebook Messenger, Spotify, TikTok","Chat with family, Read e-books, Listen to radio",Huawei
Male,33-40,Single,Private company employee,15001-20000,3-5 hours,Necessary,Product feature,1,Unable to inspect product,"Facebook, YouTube","Email, , Finance",Oppo
Female,33-40,Single,Student,15001-20000,0-1 hours,Necessary,Product feature,1,Unable to inspect product,"Instagram, Facebook, YouTube, Facebook Messenger, TikTok, Line, X","Watch movies/listen to music, Communication/meetings, Social media",Realme
Male,33-40,Single,Private company employee,20001-30000,1-3 hours,Not necessary,Product feature,1,Unable to inspect product,"Instagram, Facebook, YouTube, Spotify, TikTok",Watch movies/listen to music,Apple
Female,33-40,Single,Private company employee,15001-20000,,Not necessary,Product feature,2,Unable to inspect product,"Instagram, YouTube, Facebook Messenger, Spotify, TikTok","Watch movies/listen to music, Communication/meetings, Social media",Huawei
Female,26-32,Single,Private company employee,15001-20000,More than 5 hours,Not necessary,Price,5,Unable to inspect product,"Instagram, Facebook, YouTube, Facebook Messenger, TikTok, Telegram",Watch movies/listen to music,Realme
Male,33-40,Single,Private company employee,More than 50001,,Necessary,Product feature,3,Unable to inspect product,Gmail,"Play games, Streaming, Social media",Samsung
Female,18-25,Married,Student,More than 50001,3-5 hours,Necessary,Product feature,2,Unable to inspect product,"Instagram, Facebook, YouTube, Facebook Messenger, Spotify","Online shopping, Track delivery, Customer chat",Oppo
Female,26-32,Single,Private company employee,20001-30000,3-5 hours,Not necessary,Product feature,4,Unable to inspect product,"Instagram, Facebook, YouTube, Facebook Messenger, Spotify, TikTok","Watch movies/listen to music, Play games, Take photos",Vivo
Male,60+,Single,Private company employee,15001-20000,More than 5 hours,Most necessary,Product feature,4,Unable to inspect product,VSCO,"Chat with family, Read e-books, Listen to radio",Vivo
Male,18-25,Single,Private company employee,15001-20000,More than 5 hours,Necessary,Product feature,1,Warranty or service concerns,Telegram,"Communication, Take photos, Social media",Realme
Male,33-40,Married,Private company employee,15001-20000,0-1 hours,Not necessary,Product feature,2,Warranty or service concerns,"Instagram, YouTube, TikTok","Watch movies/listen to music, Take photos/videos, Communication/meetings",Xiaomi
Female,26-32,Single,Business owner,15001-20000,1-3 hours,Not necessary,Product feature,5,Unable to inspect product,"Instagram, Facebook, YouTube, Facebook Messenger, Telegram","Online meetings, Schedule management, Email",Oppo
Male,26-32,Single,Business owner,15001-20000,More than 5 hours,Necessary,Product feature,1,Concerns about payment security,SET,"Play games, Streaming, Take photos/videos",Realme 7 5G
Male,60+,Single,Government officer,15001-20000,,Necessary,Product feature,2,Concerns about payment security,"YouTube, TikTok","Chat with family, Read e-books, Listen to radio",Xiaomi
Male,60+,Married,Private company employee,15001-20000,3-5 hours,Not necessary,Product feature,4,Unable to inspect product,"Facebook, TikTok, Line","Chat with family, Read e-books, Listen to radio",Samsung
Male,33-40,Single,Private company employee,15001-20000,0-1 hours,Not necessary,Product feature,1,Concerns about payment security,Facebook,"Watch movies/listen to music, Play games, Cloud apps",Infinix
Female,60+,Single,Private company employee,30001-40000,0-1 hours,Not necessary,Product feature,3,Unable to inspect product,WhatsApp,"Watch movies/listen to music, Play games, Take photos/videos",Oppo
Male,33-40,Single,Business owner,15001-20000,0-1 hours,Not necessary,Product feature,1,Unable to inspect product,Gmail,"/, Email, Finance",Apple
Female,41-50,Married,Private company employee,15001-20000,More than 5 hours,Necessary,Product feature,3,Concerns about payment security,Gmail,"Streaming, Take photos/videos, Edit video",Xiaomi
Male,33-40,Single,Student,More than 50001,More than 5 hours,Necessary,Product feature,5,Unable to inspect product,"Instagram, Facebook, YouTube, Snapchat, Facebook Messenger, Spotify, WhatsApp, TikTok, Telegram","Watch movies/listen to music, Play games, Social media",Oppo
Female,33-40,Single,Private company employee,20001-30000,1-3 hours,Not necessary,Product feature,5,Unable to inspect product,"Instagram, Facebook, YouTube, Facebook Messenger, Telegram","Watch movies/listen to music, Take photos/videos, Social media",Huawei
Female,33-40,Single,Student,More than 50001,More than 5 hours,Most necessary,Product feature,4,Warranty or service concerns,TikTok,"Take photos/videos, Communication/meetings, Social media",Oppo
Female,60+,Married,Private company employee,15001-20000,1-3 hours,Necessary,Product feature,2,Delivery delay,"Instagram, YouTube, TikTok","Watch movies/listen to music, Play games, Communication/meetings",Vivo
Male,18-25,Single,Student,15001-20000,More than 5 hours,Most necessary,Product feature,5,Unable to inspect product,"Instagram, Facebook, YouTube, Facebook Messenger, TikTok","Watch movies/listen to music, Play games",Apple
Male,33-40,Single,Factory worker,20001-30000,3-5 hours,Not necessary,Product review,1,Unable to inspect product,"Instagram, Facebook, Facebook Messenger, TikTok","Take photos, Listen to music, Social media",Realme
Male,26-32,Single,Private company employee,More than 50001,,Necessary,Product feature,2,Warranty or service concerns,VSCO,"Watch movies, Listen to music, Take photos",Samsung
Male,60+,Single,Private company employee,15001-20000,More than 5 hours,Necessary,Product feature,1,Warranty or service concerns,"Instagram, Facebook, YouTube, Facebook Messenger, Spotify","Play games, Watch movies, Take photos",Huawei
Female,33-40,Married,Government officer,15001-20000,3-5 hours,Necessary,Product feature,4,Unable to inspect product,Google Maps,"Watch movies/listen to music, Social media",Vivo
Male,33-40,Single,Private company employee,15001-20000,3-5 hours,Not necessary,Product feature,1,Unable to inspect product,"Facebook, YouTube, Facebook Messenger, TikTok","Chat with family, Read e-books, Listen to radio",Realme
Female,33-40,Married,Private company employee,20001-30000,3-5 hours,Not necessary,Product feature,4,Unable to inspect product,"Instagram, Facebook, Facebook Messenger, TikTok, Telegram","Play esports, Stream games, Community chat",Realme
Male,18-25,Single,Private company employee,15001-20000,,Necessary,Product feature,1,Unable to inspect product,"Facebook, YouTube, Facebook Messenger","Watch movies/listen to music, Play games, Social media",Oppo
Female,18-25,Single,Business owner,15001-20000,,Not necessary,Product feature,4,Delivery delay,"Instagram, Facebook, YouTube, Snapchat, Facebook Messenger, Spotify, WhatsApp, TikTok","Play games, Streaming, Take photos/videos",Realme
Male,60+,Single,Private company employee,15001-20000,,Necessary,Price,1,Concerns about payment security,"Facebook, YouTube","Product photography, Edit reviews, Online marketplace",Xiaomi
Male,26-32,Single,Student,15001-20000,1-3 hours,Not necessary,Product review,2,Concerns about payment security,Microsoft Teams,"Cloud apps, Communication/meetings, Social media",Vivo
Female,41-50,Single,Private company employee,15001-20000,1-3 hours,Necessary,Price,2,Delivery delay,"Instagram, Facebook, YouTube, Facebook Messenger, Telegram","Communication/meetings, Social media",Infinix
Male,33-40,Single,Government officer,More than 50001,,Necessary,Product feature,4,Unable to inspect product,"Instagram, Facebook, YouTube, Facebook Messenger, Spotify, TikTok","Watch movies/listen to music, Play games, Social media",Oppo
Female,41-50,Single,Factory worker,15001-20000,More than 5 hours,Necessary,Product feature,4,Unable to inspect product,"Instagram, Facebook, Facebook Messenger, Spotify, TikTok","/, Email, Finance",Oppo
Male,26-32,Single,Private company employee,20001-30000,0-1 hours,Necessary,Product feature,5,Warranty or service concerns,"Instagram, YouTube, TikTok","TikTok, Livestream, Search information",Huawei
Female,18-25,Single,Student,15001-20000,More than 5 hours,Most necessary,Product review,2,Warranty or service concerns,"Instagram, Facebook, YouTube, Facebook Messenger","Watch movies/listen to music, Communication/meetings, Social media",Xiaomi
Male,26-32,Single,Private company employee,More than 50001,1-3 hours,Not necessary,Product feature,4,Unable to inspect product,"Instagram, YouTube, Facebook Messenger, TikTok","Play games, Take photos/videos, Social media",Oppo
Female,41-50,Married,Private company employee,20001-30000,0-1 hours,Not necessary,Product feature,4,Warranty or service concerns,Discord,"Watch movies/listen to music, Communication/meetings, Social media",Vivo
Male,60+,Single,Private company employee,20001-30000,0-1 hours,Most necessary,Product feature,1,Unable to inspect product,Facebook,"Product photography, Edit reviews, Online marketplace",Vivo
Female,26-32,Single,Private company employee,20001-30000,0-1 hours,Necessary,Product feature,1,Concerns about payment security,"Instagram, TikTok","Play games, Take photos/videos",Vivo
Female,26-32,Single,Private company employee,15001-20000,More than 5 hours,Not necessary,Price,5,Delivery delay,"YouTube, TikTok","GPS navigation, Check car condition, Listen to podcasts",Xiaomi
Male,41-50,Single,Private company employee,15001-20000,0-1 hours,Not necessary,Product feature,3,Unable to inspect product,"Instagram, Facebook, YouTube, Snapchat, Facebook Messenger, Spotify, WhatsApp, TikTok, Telegram","Play games, Take photos/videos, Social media",Xiaomi
Female,26-32,Married,Private company employee,20001-30000,More than 5 hours,Not necessary,Product feature,2,Unable to inspect product,Discord,Watch movies/listen to music,Huawei
Male,60+,Single,Factory worker,15001-20000,More than 5 hours,Not necessary,Product feature,4,Concerns about payment security,WhatsApp,"Track delivery, Customer chat, Email",Infinix
Female,18-25,Married,Private company employee,20001-30000,More than 5 hours,Necessary,Product feature,5,Concerns about payment security,Gmail,"Watch movies/listen to music, Play games, Take photos/videos",Realme
Female,33-40,Single,Private company employee,30001-40000,3-5 hours,Necessary,Price,2,Unable to inspect product,"Instagram, Facebook, TikTok",Watch movies/listen to music,Samsung
Male,41-50,Married,Factory worker,15001-20000,3-5 hours,Not necessary,Product feature,5,Delivery delay,"Instagram, YouTube, Spotify, Telegram","Chat with family, Read e-books, Listen to radio",Xiaomi
Male,60+,Married,Private company employee,20001-30000,1-3 hours,Most necessary,Product feature,5,Unable to inspect product,"Instagram, Facebook, Facebook Messenger, TikTok","TikTok, Livestream, Search information",Vivo
Male,33-40,Single,Business owner,15001-20000,0-1 hours,Necessary,Product feature,4,Unable to inspect product,TikTok,"Take photos/videos, Watch movies/Listen to music, Online shopping",Apple
Female,60+,Single,Factory worker,15001-20000,,Necessary,Product feature,2,Unable to inspect product,"YouTube, TikTok","Cloud apps, Communication/meetings, Social media",Apple
Male,33-40,Married,Business owner,15001-20000,,Not necessary,Product feature,2,Unable to inspect product,"Instagram, Facebook, YouTube, Facebook Messenger, TikTok, Line, X","Chat with family, Read e-books, Listen to radio",Apple
Male,33-40,Single,Student,15001-20000,1-3 hours,Necessary,Product feature,3,Concerns about payment security,WhatsApp,"Play games, Streaming, Social media",Oppo
Female,18-25,Single,Private company employee,15001-20000,0-1 hours,Necessary,Product feature,1,Unable to inspect product,"Instagram, Facebook, Facebook Messenger, TikTok","Online meetings, Schedule management, Email",Samsung
Male,26-32,Single,Business owner,15001-20000,1-3 hours,Necessary,Product feature,3,Delivery delay,"Instagram, YouTube, Spotify, TikTok","Product photography, Edit reviews, Online marketplace",Samsung
Male,18-25,Single,Business owner,30001-40000,0-1 hours,Necessary,Product feature,4,Unable to inspect product,"Instagram, Facebook, Facebook Messenger, Spotify, TikTok","Play games, Take photos, Watch movies",Oppo
Female,18-25,Single,Business owner,15001-20000,,Not necessary,Product feature,2,Unable to inspect product,"Instagram, Facebook, YouTube, Facebook Messenger, Spotify, TikTok","Watch movies/listen to music, Play games, Take photos/videos",Infinix
Male,26-32,Single,Business owner,20001-30000,0-1 hours,Not necessary,Product feature,5,Unable to inspect product,"Instagram, Facebook, YouTube, Facebook Messenger","Track delivery, Customer chat, Email",Huawei
Male,60+,Married,Private company employee,More than 50001,0-1 hours,Necessary,Product feature,4,Warranty or service concerns,Gmail,"Watch movies, Listen to music, Take photos",Samsung
Male,60+,Single,Private company employee,30001-40000,More than 5 hours,Not necessary,Product feature,5,Warranty or service concerns,"YouTube, Facebook Messenger, Discord, Wise","Watch movies/listen to music, Play games, Communication/meetings",Samsung
Female,41-50,Married,Business owner,15001-20000,3-5 hours,Not necessary,Product feature,2,Concerns about payment security,"Instagram, YouTube, Spotify, TikTok","Track delivery, Customer chat, Email",Infinix
Female,41-50,Single,Business owner,15001-20000,,Not necessary,Product feature,5,Unable to inspect product,"YouTube, Facebook Messenger, Discord, Wise","Watch movies/listen to music, Play games, Take photos/videos",Vivo
Male,33-40,Single,Private company employee,More than 50001,3-5 hours,Not necessary,Product feature,5,Warranty or service concerns,"Facebook, YouTube, Facebook Messenger, Spotify","Communication, Take photos, Social media",Apple
Female,60+,Single,Private company employee,15001-20000,1-3 hours,Not necessary,Product feature,5,Delivery delay,"Instagram, Facebook, YouTube, Facebook Messenger, Spotify, TikTok","Email, , Finance",Xiaomi
Male,60+,Single,Government officer,More than 50001,3-5 hours,Most necessary,Price,4,Concerns about payment security,"Facebook, Facebook Messenger, Spotify","Watch movies/listen to music, Take photos/videos, Communication/meetings",Oppo
Male,26-32,Single,Business owner,More than 50001,3-5 hours,Not necessary,Product feature,3,Unable to inspect product,"Instagram, Facebook, TikTok","Watch movies/listen to music, Play games, Communication/meetings",Samsung
Female,18-25,Single,Private company employee,15001-20000,More than 5 hours,Necessary,Product feature,1,Unable to inspect product,SET,"Play games, Take photos, Watch movies",Apple
Male,60+,Single,Business owner,15001-20000,,Not necessary,Product feature,5,Concerns about payment security,"Instagram, Spotify, TikTok","Play games, Take photos, Watch movies",Realme
Female,18-25,Single,Business owner,20001-30000,3-5 hours,Not necessary,Product feature,1,Warranty or service concerns,"Instagram, Facebook, YouTube, Facebook Messenger, Spotify, TikTok","Play games, Take photos/videos, Cloud apps",Vivo
Female,18-25,Single,Private company employee,15001-20000,1-3 hours,Not necessary,Product feature,2,Unable to inspect product,"Facebook, YouTube","Streaming, Take photos/videos, Edit video",Oppo
Male,60+,Single,Business owner,15001-20000,1-3 hours,Necessary,Product feature,2,Concerns about payment security,"Instagram, YouTube, Facebook Messenger, TikTok","Watch movies, Take photos, Listen to music",Huawei
Male,18-25,Married,Business owner,20001-30000,1-3 hours,Necessary,Product feature,3,Concerns about payment security,"Instagram, Facebook, YouTube, Facebook Messenger","Play games, Watch movies, Take photos",Huawei
Female,33-40,Single,Private company employee,15001-20000,More than 5 hours,Not necessary,Product feature,3,Concerns about payment security,Facebook Messenger,"Watch movies/listen to music, Take photos/videos, Communication/meetings",Oppo
Female,41-50,Married,Private company employee,15001-20000,3-5 hours,Necessary,Price,4,Warranty or service concerns,"Facebook, YouTube, Facebook Messenger, TikTok","Play games, Take photos/videos, Cloud apps",Vivo
Female,26-32,Single,Private company employee,15001-20000,0-1 hours,Not necessary,Product feature,3,Delivery delay,"Instagram, Facebook, Facebook Messenger, TikTok, LINE","Watch movies, Play games, Take photos",Samsung
Male,26-32,Single,Private company employee,15001-20000,3-5 hours,Most necessary,Product feature,1,Concerns about payment security,"Instagram, Facebook, Facebook Messenger, TikTok, Telegram",Play games,Realme
Male,60+,Single,Factory worker,15001-20000,,Necessary,Product feature,4,Unable to inspect product,Facebook,"Play games, Streaming, Social media",Apple
Female,26-32,Married,Private company employee,15001-20000,1-3 hours,Not necessary,Product review,5,Delivery delay,Gmail,"Online meetings, Schedule management, Email",Realme
Male,26-32,Single,Business owner,15001-20000,0-1 hours,Necessary,Product feature,2,Unable to inspect product,YouTube,"Play games, Take photos/videos, Social media",Xiaomi
Female,26-32,Single,Private company employee,15001-20000,0-1 hours,Necessary,Price,1,Concerns about payment security,"Instagram, Facebook, YouTube","Watch movies/listen to music, Play games",Realme
Female,41-50,Married,Business owner,20001-30000,1-3 hours,Not necessary,Price,4,Unable to inspect product,Facebook Messenger,"Watch movies, Play games, Take photos",Huawei
Female,33-40,Married,Private company employee,15001-20000,More than 5 hours,Necessary,Product feature,4,Unable to inspect product,"Facebook, Facebook Messenger, Spotify, TikTok","Watch movies, Take photos, Listen to music",Apple
Male,33-40,Married,Business owner,15001-20000,3-5 hours,Necessary,Product feature,1,Unable to inspect product,"Instagram, Facebook, YouTube, Facebook Messenger, TikTok, Line","Play games, Watch movies, Take photos",Apple
Female,18-25,Married,Student,More than 50001,1-3 hours,Most necessary,Product feature,2,Unable to inspect product,TikTok,"Watch movies/listen to music, Take photos/videos, Social media",Samsung
Female,33-40,Single,Private company employee,20001-30000,1-3 hours,Not necessary,Product feature,1,Warranty or service concerns,"Instagram, Facebook, Facebook Messenger, TikTok","Play games, Take photos/videos, Cloud apps",Realme
Female,60+,Single,Private company employee,20001-30000,3-5 hours,Most necessary,Product feature,3,Concerns about payment security,Discord,"Art photography, Video editing, Upload stories",Apple
Female,41-50,Single,Business owner,15001-20000,More than 5 hours,Not necessary,Product feature,3,Concerns about payment security,"Instagram, Facebook, YouTube, Facebook Messenger, TikTok, Line, X","Play games, Streaming, Social media",Vivo
Female,33-40,Single,Government officer,15001-20000,1-3 hours,Necessary,Product feature,5,Warranty or service concerns,"Instagram, Facebook, YouTube, Facebook Messenger, Telegram","Play games, Take photos/videos, Cloud apps",Apple
Male,41-50,Single,Student,15001-20000,,Most necessary,Product feature,2,Unable to inspect product,"Instagram, Facebook, Facebook Messenger, TikTok, LINE","Email, , Finance",Vivo
Male,60+,Single,Student,15001-20000,1-3 hours,Not necessary,Product feature,4,Warranty or service concerns,"Facebook, YouTube, Facebook Messenger, TikTok","Watch movies/listen to music, Take photos/videos, Communication/meetings",Apple
Female,26-32,Single,Business owner,15001-20000,,Not necessary,Product feature,1,Delivery delay,"Instagram, YouTube, Facebook Messenger, TikTok","Watch movies/listen to music, Social media",Vivo
Female,26-32,Single,Business owner,20001-30000,0-1 hours,Most necessary,Product feature,5,Warranty or service concerns,Microsoft Teams,"Play games, Take photos/videos",Realme
Female,60+,Single,Private company employee,20001-30000,0-1 hours,Not necessary,Product feature,1,Delivery delay,"Instagram, Facebook Messenger, TikTok","Read news, Check stocks, Finance",Xiaomi
Male,18-25,Single,Business owner,15001-20000,1-3 hours,Most necessary,Product feature,4,Unable to inspect product,"YouTube, Facebook Messenger, Discord, Wise","Communication/meetings, Social media",Apple
Male,26-32,Single,Business owner,15001-20000,0-1 hours,Not necessary,Product feature,2,Warranty or service concerns,"Instagram, Facebook, YouTube, Facebook Messenger, TikTok",Play games,Xiaomi
Female,33-40,Single,Private company employee,15001-20000,,Necessary,Product feature,3,Warranty or service concerns,"Facebook, TikTok, Line","Art photography, Video editing, Upload stories",Xiaomi
Male,60+,Married,Private company employee,15001-20000,3-5 hours,Not necessary,Product feature,2,Unable to inspect product,"Facebook, YouTube, Facebook Messenger, TikTok","Play games, Watch movies, Take photos",Vivo
Male,33-40,Single,Private company employee,15001-20000,,Most necessary,Price,5,Unable to inspect product,Microsoft Teams,"Social media, Take photos/videos, Watch movies/Listen to music",Vivo
Male,18-25,Single,Student,15001-20000,More than 5 hours,Most necessary,Product review,3,Warranty or service concerns,"Instagram, Facebook, YouTube, Facebook Messenger, TikTok","Watch movies/listen to music, Play games, Social media",Samsung
Female,60+,Single,Private company employee,30001-40000,1-3 hours,Not necessary,Product feature,1,Warranty or service concerns,"Instagram, Facebook, YouTube, Facebook Messenger, TikTok, Line","TikTok, Livestream, Search information",Samsung
Male,41-50,Single,Business owner,15001-20000,3-5 hours,Not necessary,Product feature,3,Unable to inspect product,"Instagram, Facebook, YouTube","Watch movies/listen to music, Take photos/videos, Communication/meetings",Samsung
Male,26-32,Married,Private company employee,15001-20000,More than 5 hours,Not necessary,Product feature,3,Unable to inspect product,"Facebook, YouTube","Watch movies/listen to music, Play games, Cloud apps",Apple
Male,60+,Single,Private company employee,15001-20000,3-5 hours,Not necessary,Product feature,4,Delivery delay,"Instagram, Facebook Messenger, TikTok","Play games, Take photos/videos, Social media",Xiaomi
Female,60+,Single,Business owner,15001-20000,More than 5 hours,Not necessary,Product feature,3,Delivery delay,Google Maps,"Watch movies/listen to music, Social media",Realme 7 5G
Male,26-32,Married,Student,15001-20000,,Most necessary,Product review,3,Warranty or service concerns,CapCut,"Play esports, Stream games, Community chat",Xiaomi
Male,41-50,Single,Student,15001-20000,3-5 hours,Not necessary,Product feature,1,Unable to inspect product,Microsoft Teams,"Play games, Take photos/videos, Cloud apps",Oppo
Male,18-25,Single,Private company employee,More than 50001,3-5 hours,Not necessary,Product feature,5,Warranty or service concerns,"Instagram, TikTok","Watch movies/listen to music, Play games, Take photos/videos",Oppo
Female,26-32,Single,Business owner,15001-20000,,Most necessary,Product feature,4,Unable to inspect product,Shopee,"Watch movies, Listen to music, Take photos",Oppo
Male,33-40,Single,Private company employee,15001-20000,,Necessary,Product feature,2,Unable to inspect product,VSCO,"Watch movies/listen to music, Take photos/videos",Realme
Male,26-32,Single,Private company employee,15001-20000,,Most necessary,Product feature,3,Unable to inspect product,"Instagram, Facebook, YouTube","Online shopping, Track delivery, Customer chat",Xiaomi
Female,26-32,Single,Business owner,15001-20000,,Most necessary,Product feature,4,Unable to inspect product,"Facebook, Facebook Messenger, Line","Play games, Streaming, Social media",Xiaomi
Male,18-25,Single,Student,15001-20000,More than 5 hours,Most necessary,Product feature,5,Unable to inspect product,"Instagram, Facebook, Facebook Messenger, Spotify, TikTok","Watch movies/listen to music, Take photos/videos, Social media",Apple
Male,26-32,Single,Factory worker,20001-30000,,Most necessary,Price,3,Concerns about payment security,"Instagram, Facebook, Facebook Messenger, Spotify, TikTok","Watch movies/listen to music, Take photos/videos, Communication/meetings",Realme
Male,26-32,Married,Private company employee,15001-20000,0-1 hours,Not necessary,Product feature,4,Unable to inspect product,"Instagram, Facebook, TikTok","Take photos, Listen to music, Social media",Xiaomi
Male,60+,Single,Factory worker,More than 50001,1-3 hours,Not necessary,Product feature,1,Unable to inspect product,Discord,"Email, , Finance",Samsung
Female,33-40,Single,Business owner,15001-20000,More than 5 hours,Necessary,Product feature,4,Warranty or service concerns,LINE,"Watch movies/listen to music, Play games, Cloud apps",Oppo
Male,33-40,Single,Private company employee,30001-40000,,Necessary,Product feature,2,Unable to inspect product,"Instagram, Facebook, YouTube, Facebook Messenger, Spotify, TikTok, Telegram","Watch movies/listen to music, Social media",Samsung
Female,60+,Single,Factory worker,15001-20000,,Not necessary,Product feature,3,Unable to inspect product,Google Maps,"Online meetings, Schedule management, Email",Realme 7 5G
Male,18-25,Single,Private company employee,15001-20000,More than 5 hours,Necessary,Product feature,1,Concerns about payment security,Microsoft Teams,"Play games, Take photos/videos",Realme
Female,26-32,Single,Business owner,More than 50001,,Not necessary,Product feature,5,Unable to inspect product,Shopee,"Play games, Streaming, Social media",Apple
Male,60+,Married,Business owner,15001-20000,More than 5 hours,Not necessary,Product feature,4,Unable to inspect product,WhatsApp,"Cloud apps, Communication/meetings, Social media",Samsung
Female,26-32,Single,Private company employee,15001-20000,1-3 hours,Necessary,Product feature,4,Warranty or service concerns,Instagram,"Watch movies, Take photos, Listen to music",Vivo
Female,33-40,Single,Private company employee,15001-20000,0-1 hours,Not necessary,Product feature,2,Unable to inspect product,"Instagram, YouTube, Spotify, Telegram","Streaming, Take photos/videos, Edit video",Realme
Male,18-25,Single,Business owner,15001-20000,1-3 hours,Necessary,Product feature,5,Concerns about payment security,"Instagram, Facebook, YouTube, Facebook Messenger, Spotify, TikTok, Telegram","Watch movies/listen to music, Play games, Communication/meetings",Huawei
Female,33-40,Married,Student,15001-20000,,Not necessary,Product feature,3,Unable to inspect product,"Instagram, TikTok","Watch movies/listen to music, Take photos/videos, Communication/meetings",Samsung
Female,18-25,Single,Private company employee,15001-20000,,Not necessary,Product feature,1,Unable to inspect product,CapCut,"Track delivery, Customer chat, Email",Realme
Female,60+,Single,Private company employee,20001-30000,3-5 hours,Not necessary,Product feature,5,Delivery delay,"Facebook, Facebook Messenger, Spotify, TikTok","Online shopping, Track delivery, Customer chat",Huawei
Female,26-32,Married,Student,15001-20000,1-3 hours,Necessary,Product feature,2,Unable to inspect product,Telegram,"Email, , Finance",Vivo
Female,60+,Single,Business owner,15001-20000,3-5 hours,Most necessary,Price,2,Delivery delay,Facebook,"Take photos, Listen to music, Social media",Vivo
Female,33-40,Single,Business owner,15001-20000,More than 5 hours,Necessary,Product feature,1,Warranty or service concerns,VSCO,"Watch movies/listen to music, Play games, Cloud apps",Apple
Female,60+,Single,Government officer,15001-20000,More than 5 hours,Not necessary,Product feature,2,Unable to inspect product,"Instagram, Facebook, TikTok","Play games, Take photos/videos, Social media",Xiaomi
Male,60+,Single,Business owner,15001-20000,More than 5 hours,Necessary,Price,1,Unable to inspect product,CapCut,"Streaming, Take photos/videos, Edit video",Vivo
Female,18-25,Single,Business owner,15001-20000,,Not necessary,Product feature,4,Unable to inspect product,"Facebook, YouTube, Facebook Messenger, TikTok","Online shopping, Social media, Finance",Oppo
Male,26-32,Single,Government officer,15001-20000,0-1 hours,Not necessary,Product review,5,Unable to inspect product,WhatsApp,"/, Email, Finance",Vivo
Female,60+,Single,Private company employee,More than 50001,0-1 hours,Not necessary,Product feature,5,Delivery delay,Gmail,"Communication/meetings, Social media",Apple
Female,33-40,Single,Student,More than 50001,3-5 hours,Most necessary,Product feature,4,Delivery delay,"YouTube, TikTok","Watch movies, Listen to music, Take photos",Samsung
Male,26-32,Single,Business owner,15001-20000,3-5 hours,Necessary,Price,2,Warranty or service concerns,"Instagram, Facebook, YouTube, Facebook Messenger, TikTok, Line, X","Watch movies/listen to music, Play games, Social media",Apple
Female,41-50,Single,Student,More than 50001,0-1 hours,Necessary,Product feature,1,Unable to inspect product,"Instagram, Facebook, YouTube, Facebook Messenger, Telegram","Streaming, Take photos/videos, Edit video",Samsung
Male,18-25,Single,Private company employee,More than 50001,0-1 hours,Necessary,Product feature,1,Warranty or service concerns,TikTok,"Play games, Streaming, Social media",Samsung
Female,41-50,Single,Business owner,15001-20000,More than 5 hours,Not necessary,Price,4,Unable to inspect product,"Instagram, YouTube, Spotify, TikTok","Watch movies/listen to music, Play games, Cloud apps",Oppo
Female,26-32,Married,Student,More than 50001,More than 5 hours,Necessary,Product feature,3,Warranty or service concerns,"Facebook, YouTube, Facebook Messenger, Spotify","Chat with family, Read e-books, Listen to radio",Oppo
Female,60+,Single,Government officer,15001-20000,,Not necessary,Product feature,4,Unable to inspect product,VSCO,"Watch movies, Take photos, Listen to music",Realme
Male,18-25,Single,Government officer,15001-20000,3-5 hours,Not necessary,Product feature,3,Unable to inspect product,"Instagram, Facebook, YouTube, Facebook Messenger, TikTok, Telegram","Play games, Take photos/videos, Cloud apps",Xiaomi
Female,33-40,Married,Business owner,20001-30000,,Most necessary,Product feature,5,Unable to inspect product,Gmail,"Communication/meetings, Social media",Xiaomi
Male,41-50,Married,Business owner,15001-20000,More than 5 hours,Not necessary,Product feature,3,Unable to inspect product,"Instagram, Facebook, YouTube, Facebook Messenger, TikTok, Telegram",Play games,Xiaomi
Male,33-40,Single,Student,20001-30000,0-1 hours,Most necessary,Product feature,5,Delivery delay,"Instagram, Spotify, TikTok","Play games, Take photos/videos, Cloud apps",Huawei
Male,41-50,Single,Government officer,15001-20000,0-1 hours,Necessary,Product feature,2,Delivery delay,CapCut,"Play games, Take photos/videos",Vivo
Male,33-40,Married,Private company employee,15001-20000,More than 5 hours,Not necessary,Product feature,1,Warranty or service concerns,"Instagram, Facebook, YouTube, Facebook Messenger, TikTok, Line","Chat with family, Read e-books, Listen to radio",Realme
Male,26-32,Single,Private company employee,15001-20000,3-5 hours,Not necessary,Product review,3,Warranty or service concerns,"Instagram, Facebook, YouTube, Facebook Messenger, Spotify, TikTok, Telegram","Watch movies/listen to music, Play games, Social media",Apple
Male,18-25,Single,Private company employee,30001-40000,0-1 hours,Necessary,Product feature,5,Unable to inspect product,"Facebook, Facebook Messenger, Line","Read news, Check stocks, Finance",Samsung
Female,33-40,Single,Government officer,15001-20000,0-1 hours,Not necessary,Product feature,3,Warranty or service concerns,"Instagram, Facebook, YouTube, Snapchat, Facebook Messenger, Spotify, WhatsApp, TikTok","Watch movies/listen to music, Play games, Communication/meetings",Huawei
Female,33-40,Single,Private company employee,15001-20000,1-3 hours,Necessary,Product feature,3,Unable to inspect product,"Instagram, YouTube, Facebook Messenger, Spotify, TikTok","Play games, Take photos/videos",Apple
Male,33-40,Single,Business owner,15001-20000,0-1 hours,Not necessary,Product feature,5,Unable to inspect product,"Instagram, Facebook, YouTube, Facebook Messenger, TikTok, Line, X","Art photography, Video editing, Upload stories",Apple
Male,18-25,Single,Student,20001-30000,3-5 hours,Most necessary,Product feature,5,Warranty or service concerns,Instagram,"Watch movies/listen to music, Take photos/videos, Social media",Apple
Male,60+,Single,Private company employee,15001-20000,,Necessary,Product feature,1,Unable to inspect product,"Instagram, YouTube, Spotify, Telegram","Watch movies/listen to music, Take photos/videos",Realme
Male,33-40,Married,Business owner,15001-20000,1-3 hours,Necessary,Product feature,2,Concerns about payment security,"Instagram, YouTube, TikTok","Watch movies/listen to music, Take photos/videos, Communication/meetings",Realme
Male,18-25,Single,Private company employee,15001-20000,More than 5 hours,Not necessary,Product feature,1,Unable to inspect product,"Instagram, Facebook, Facebook Messenger, TikTok, LINE","Play esports, Stream games, Community chat",Samsung
Male,33-40,Single,Student,15001-20000,0-1 hours,Not necessary,Product feature,2,Concerns about payment security,Instagram,"Watch movies/listen to music, Play games, Take photos",Xiaomi
Male,33-40,Single,Business owner,15001-20000,0-1 hours,Necessary,Product feature,5,Unable to inspect product,"Instagram, Facebook, YouTube, Snapchat, Facebook Messenger, Spotify, WhatsApp, TikTok","Online shopping, Track delivery, Customer chat",Realme
Female,18-25,Single,Business owner,15001-20000,0-1 hours,Most necessary,Product feature,2,Warranty or service concerns,WhatsApp,"Play games, Take photos/videos, Cloud apps",Apple
Male,41-50,Single,Business owner,20001-30000,More than 5 hours,Most necessary,Product feature,2,Concerns about payment security,"Instagram, Facebook, Facebook Messenger, TikTok","GPS navigation, Check car condition, Listen to podcasts",Xiaomi
Female,60+,Single,Private company employee,15001-20000,3-5 hours,Most necessary,Product feature,1,Unable to inspect product,Microsoft Teams,"Play games, Watch movies, Take photos",Apple
Female,60+,Single,Student,15001-20000,,Necessary,Product feature,3,Warranty or service concerns,TikTok,"Watch movies/listen to music, Play games, Take photos/videos",Realme
Female,18-25,Married,Business owner,15001-20000,0-1 hours,Necessary,Product feature,3,Unable to inspect product,"Instagram, Facebook, Facebook Messenger, TikTok","Play games, Streaming, Social media",Realme
Female,33-40,Single,Private company employee,15001-20000,More than 5 hours,Not necessary,Product feature,5,Warranty or service concerns,Facebook,"Take photos/videos, Communication/meetings, Social media",Realme
Female,18-25,Single,Private company employee,30001-40000,0-1 hours,Not necessary,Product feature,5,Warranty or service concerns,"Instagram, Facebook, YouTube","Take photos, Listen to music, Social media",Oppo
Male,33-40,Single,Private company employee,15001-20000,3-5 hours,Most necessary,Product feature,1,Warranty or service concerns,"Instagram, YouTube, Facebook Messenger, Spotify, TikTok","Watch movies/listen to music, Communication/meetings, Social media",Infinix
Female,60+,Married,Business owner,15001-20000,More than 5 hours,Not necessary,Product feature,2,Concerns about payment security,"Instagram, Facebook, YouTube, Facebook Messenger, TikTok, Line","Play games, Take photos/videos, Social media",Apple
Female,60+,Single,Business owner,15001-20000,0-1 hours,Most necessary,Product feature,2,Unable to inspect product,"Facebook, TikTok, Line","Watch movies/listen to music, Play games, Social media",Infinix
Male,60+,Single,Private company employee,15001-20000,More than 5 hours,Necessary,Product feature,5,Warranty or service concerns,Instagram,"Communication, Take photos, Social media",Samsung
Female,33-40,Single,Private company employee,15001-20000,More than 5 hours,Necessary,Product feature,3,Unable to inspect product,"Instagram, Facebook, YouTube","Watch movies/listen to music, Play games, Take photos",Xiaomi
Male,18-25,Single,Business owner,15001-20000,3-5 hours,Necessary,Product feature,1,Unable to inspect product,Telegram,"Play esports, Stream games, Community chat",Apple
Male,33-40,Single,Private company employee,20001-30000,3-5 hours,Necessary,Product feature,2,Unable to inspect product,"Facebook, Facebook Messenger, Line","Take photos/videos, Communication/meetings, Social media",Vivo
Male,41-50,Single,Private company employee,20001-30000,More than 5 hours,Not necessary,Product feature,3,Concerns about payment security,"Instagram, Facebook, YouTube, Facebook Messenger, Telegram",Watch movies/listen to music,Apple
Male,60+,Married,Private company employee,More than 50001,0-1 hours,Not necessary,Product feature,1,Warranty or service concerns,"Instagram, Facebook, YouTube, Facebook Messenger, Spotify, WhatsApp, TikTok, Telegram","/, Email, Finance",Apple
Male,41-50,Married,Private company employee,15001-20000,,Necessary,Product review,4,Delivery delay,Google Maps,"Watch movies/listen to music, Take photos/videos",Xiaomi
Male,33-40,Single,Government officer,15001-20000,1-3 hours,Necessary,Product feature,5,Concerns about payment security,"Instagram, Facebook, Facebook Messenger, Spotify, TikTok","Watch movies/listen to music, Play games, Social media",Vivo
Male,26-32,Single,Private company employee,15001-20000,3-5 hours,Not necessary,Price,2,Unable to inspect product,TikTok,"Online shopping, Social media, Finance",Xiaomi
Female,41-50,Single,Business owner,15001-20000,3-5 hours,Necessary,Product feature,1,Delivery delay,Google Maps,"Play games, Streaming, Social media",Realme
Female,33-40,Single,Private company employee,20001-30000,3-5 hours,Necessary,Product feature,3,Delivery delay,"Instagram, Facebook, YouTube, Facebook Messenger, TikTok, Line, X","Product photography, Edit reviews, Online marketplace",Vivo
Male,33-40,Single,Private company employee,15001-20000,0-1 hours,Not necessary,Product feature,4,Concerns about payment security,"Instagram, Facebook, YouTube, Spotify, TikTok","Communication/meetings, Social media",Xiaomi
Male,60+,Married,Government officer,15001-20000,More than 5 hours,Most necessary,Product feature,3,Unable to inspect product,"Facebook, YouTube, Facebook Messenger, Spotify","Streaming, Take photos/videos, Edit video",Xiaomi
Male,60+,Single,Business owner,20001-30000,1-3 hours,Necessary,Price,5,Unable to inspect product,"Instagram, YouTube, TikTok",Watch movies/listen to music,Vivo
Female,60+,Married,Private company employee,15001-20000,0-1 hours,Not necessary,Product feature,3,Delivery delay,"Facebook, YouTube, Facebook Messenger","Read news, Check stocks, Finance",Apple
Female,18-25,Married,Private company employee,15001-20000,1-3 hours,Not necessary,Product feature,1,Unable to inspect product,"Instagram, YouTube, TikTok","Watch movies/listen to music, Take photos/videos, Communication/meetings",Apple
Male,60+,Married,Private company employee,15001-20000,1-3 hours,Necessary,Product feature,1,Unable to inspect product,CapCut,"Watch movies/listen to music, Play games, Cloud apps",Vivo
Female,26-32,Single,Factory worker,20001-30000,1-3 hours,Most necessary,Product feature,4,Unable to inspect product,"Instagram, Facebook, YouTube, Snapchat, Facebook Messenger, Spotify, WhatsApp, TikTok","Cloud apps, Communication/meetings, Social media",Apple
Male,33-40,Single,Business owner,More than 50001,0-1 hours,Necessary,Product feature,1,Unable to inspect product,"Instagram, Facebook, YouTube, Facebook Messenger, Spotify, WhatsApp, TikTok, Telegram","Play games, Watch movies, Take photos",Oppo
Female,26-32,Single,Student,More than 50001,More than 5 hours,Necessary,Product feature,1,Unable to inspect product,"Facebook, YouTube","Social media, Take photos/videos, Watch movies/Listen to music",Apple
Female,60+,Married,Government officer,30001-40000,,Not necessary,Product feature,1,Unable to inspect product,"Instagram, Facebook, YouTube, Facebook Messenger, TikTok, Telegram","Watch movies/listen to music, Communication/meetings, Social media",Oppo
Male,26-32,Single,Business owner,More than 50001,,Necessary,Product feature,4,Warranty or service concerns,"Instagram, Facebook, TikTok","Cloud apps, Communication/meetings, Social media",Apple
Male,26-32,Single,Private company employee,15001-20000,More than 5 hours,Necessary,Price,3,Unable to inspect product,TikTok,"Play games, Watch movies, Take photos",Vivo
Female,33-40,Single,Private company employee,15001-20000,0-1 hours,Necessary,Product feature,3,Concerns about payment security,"Instagram, YouTube, TikTok",Play games,Samsung
Male,18-25,Single,Private company employee,15001-20000,1-3 hours,Not necessary,Product feature,5,Unable to inspect product,"Instagram, TikTok","Play games, Streaming, Social media",Xiaomi
Male,60+,Single,Private company employee,15001-20000,0-1 hours,Most necessary,Product feature,3,Unable to inspect product,"Instagram, Facebook, YouTube, Facebook Messenger, TikTok, Line, X","Play esports, Stream games, Community chat",Xiaomi
Female,33-40,Single,Business owner,20001-30000,More than 5 hours,Necessary,Product feature,2,Unable to inspect product,"Instagram, Facebook, YouTube, Facebook Messenger, Spotify, WhatsApp, TikTok, Telegram","Chat with family, Read e-books, Listen to radio",Xiaomi
Male,18-25,Married,Private company employee,15001-20000,1-3 hours,Most necessary,Product feature,1,Unable to inspect product,"Instagram, Facebook, YouTube, Facebook Messenger, Telegram","Watch movies/listen to music, Take photos/videos",Xiaomi
Female,18-25,Single,Factory worker,More than 50001,3-5 hours,Most necessary,Product feature,5,Warranty or service concerns,"Instagram, Facebook, YouTube, TikTok","Watch movies, Take photos, Listen to music",Samsung
Female,18-25,Married,Business owner,15001-20000,3-5 hours,Not necessary,Product feature,4,Warranty or service concerns,Instagram,"Watch movies/listen to music, Play games, Communication/meetings",Huawei
Female,33-40,Single,Private company employee,20001-30000,3-5 hours,Not necessary,Product feature,3,Warranty or service concerns,"Facebook, YouTube, Facebook Messenger, Spotify","Watch movies, Play games, Take photos",Realme
Female,60+,Single,Business owner,20001-30000,3-5 hours,Necessary,Product feature,2,Unable to inspect product,Facebook Messenger,"Watch movies/listen to music, Play games, Take photos",Vivo
Male,26-32,Single,Private company employee,15001-20000,,Necessary,Product feature,5,Unable to inspect product,"Facebook, YouTube, Facebook Messenger, TikTok",Watch movies/listen to music,Huawei
Male,60+,Married,Private company employee,30001-40000,0-1 hours,Necessary,Product feature,3,Unable to inspect product,SET,"Play games, Take photos/videos",Oppo
Female,60+,Married,Private company employee,15001-20000,More than 5 hours,Most necessary,Product feature,3,Warranty or service concerns,"Instagram, YouTube, Facebook Messenger, TikTok","Social media, Take photos/videos, Watch movies/Listen to music",Samsung
Male,60+,Single,Student,15001-20000,,Not necessary,Product feature,2,Unable to inspect product,"Instagram, YouTube, Spotify, Telegram","Watch movies/listen to music, Play games",Samsung
Male,60+,Married,Business owner,15001-20000,,Not necessary,Product feature,2,Warranty or service concerns,"Facebook, Facebook Messenger, Spotify, TikTok","Communication, Take photos, Social media",Xiaomi
Male,33-40,Married,Private company employee,15001-20000,3-5 hours,Not necessary,Product feature,2,Warranty or service concerns,"Instagram, YouTube, TikTok","Play games, Take photos/videos, Social media",Samsung
Male,60+,Single,Business owner,15001-20000,3-5 hours,Not necessary,Product feature,2,Warranty or service concerns,Discord,"Watch movies/listen to music, Take photos/videos",Samsung
Female,26-32,Single,Student,More than 50001,3-5 hours,Necessary,Product feature,1,Unable to inspect product,WhatsApp,"Email, , Finance",Apple
Female,26-32,Married,Private company employee,15001-20000,0-1 hours,Not necessary,Product feature,4,Unable to inspect product,"Facebook, TikTok, Line","Communication, Take photos, Social media",Huawei
Female,18-25,Married,Private company employee,15001-20000,3-5 hours,Most necessary,Product feature,5,Unable to inspect product,"Instagram, Facebook, YouTube, Facebook Messenger, TikTok, Line","Play games, Take photos/videos, Cloud apps",Samsung
Male,26-32,Single,Business owner,More than 50001,,Necessary,Product feature,3,Warranty or service concerns,"Instagram, Facebook, YouTube, Facebook Messenger, Spotify","Communication, Take photos, Social media",Samsung
Female,18-25,Single,Private company employee,15001-20000,,Necessary,Product feature,5,Unable to inspect product,"Instagram, Facebook, YouTube, Snapchat, Facebook Messenger, Spotify, TikTok","Play esports, Stream games, Community chat",Realme
Male,18-25,Single,Private company employee,15001-20000,,Necessary,Product feature,5,Warranty or service concerns,TikTok,"Watch movies/listen to music, Take photos/videos, Communication/meetings",Vivo
Male,33-40,Single,Business owner,15001-20000,1-3 hours,Necessary,Product feature,2,Unable to inspect product,Shopee,"Watch movies/listen to music, Communication/meetings, Social media",Realme
Male,60+,Single,Business owner,15001-20000,,Necessary,Product feature,2,Warranty or service concerns,"Instagram, YouTube, TikTok","Art photography, Video editing, Upload stories",Huawei
Female,26-32,Single,Private company employee,15001-20000,1-3 hours,Not necessary,Product feature,5,Unable to inspect product,"Instagram, Facebook, YouTube, Spotify, TikTok","Watch movies/listen to music, Social media",Samsung
Male,60+,Single,Private company employee,15001-20000,1-3 hours,Not necessary,Product feature,5,Concerns about payment security,Discord,Play games,Vivo
Male,18-25,Single,Private company employee,More than 50001,1-3 hours,Necessary,Product feature,2,Unable to inspect product,LINE,"Take photos, Listen to music, Social media",Oppo
Female,60+,Single,Student,15001-20000,More than 5 hours,Not necessary,Product feature,1,Concerns about payment security,WhatsApp,"Track delivery, Customer chat, Email",Oppo
Female,33-40,Single,Business owner,15001-20000,0-1 hours,Not necessary,Product feature,1,Unable to inspect product,"Instagram, Facebook, Facebook Messenger, TikTok","Communication/meetings, Social media",Xiaomi
Female,26-32,Single,Factory worker,15001-20000,3-5 hours,Not necessary,Product feature,5,Unable to inspect product,WhatsApp,"Take photos, Listen to music, Social media",Realme
Male,18-25,Married,Business owner,15001-20000,1-3 hours,Necessary,Product feature,1,Warranty or service concerns,"Instagram, Facebook, YouTube, Snapchat, Facebook Messenger, Spotify, WhatsApp, TikTok","Play esports, Stream games, Community chat",Vivo
Female,26-32,Married,Business owner,20001-30000,,Not necessary,Product feature,5,Warranty or service concerns,SET,"Play esports, Stream games, Community chat",Vivo
Male,33-40,Single,Private company employee,20001-30000,0-1 hours,Necessary,Product feature,4,Unable to inspect product,"Instagram, YouTube, Facebook Messenger, TikTok","Play esports, Stream games, Community chat",Realme
Female,26-32,Single,Student,More than 50001,3-5 hours,Not necessary,Product feature,3,Unable to inspect product,"Instagram, Facebook, Facebook Messenger, TikTok, LINE","Watch movies/listen to music, Play games, Social media",Oppo
Female,41-50,Married,Private company employee,20001-30000,3-5 hours,Necessary,Price,5,Unable to inspect product,"Instagram, Facebook, YouTube, Facebook Messenger, TikTok, Line","Take photos, Listen to music, Social media",Vivo
Male,18-25,Single,Private company employee,15001-20000,1-3 hours,Most necessary,Product review,1,Warranty or service concerns,YouTube,"Watch movies/listen to music, Play games, Take photos/videos",Apple
Female,33-40,Married,Private company employee,20001-30000,,Most necessary,Product feature,4,Unable to inspect product,"Instagram, Facebook, YouTube, Facebook Messenger, Telegram",Watch movies/listen to music,Realme
Male,26-32,Single,Government officer,20001-30000,1-3 hours,Not necessary,Product feature,3,Warranty or service concerns,"Facebook, YouTube, Facebook Messenger, TikTok","Watch movies, Play games, Take photos",Huawei
Male,41-50,Single,Private company employee,30001-40000,0-1 hours,Not necessary,Product feature,1,Unable to inspect product,"Instagram, Facebook, YouTube, Facebook Messenger, Spotify, WhatsApp, TikTok, Telegram","Take photos/videos, Communication/meetings, Social media",Apple
Male,41-50,Single,Government officer,More than 50001,,Not necessary,Product review,5,Delivery delay,Google Maps,"Take photos/videos, Watch movies/Listen to music, Online shopping",Samsung
Male,41-50,Single,Business owner,15001-20000,0-1 hours,Not necessary,Price,1,Warranty or service concerns,"Facebook, YouTube, Facebook Messenger, TikTok","Watch movies/listen to music, Take photos/videos, Communication/meetings",Oppo
Female,60+,Married,Business owner,15001-20000,More than 5 hours,Not necessary,Product feature,5,Unable to inspect product,"Instagram, Facebook, YouTube, Snapchat, Facebook Messenger, Spotify, WhatsApp, TikTok",Play games,Apple
Male,33-40,Single,Business owner,15001-20000,More than 5 hours,Necessary,Product feature,1,Unable to inspect product,"Instagram, Facebook, Facebook Messenger, TikTok","Read news, Check stocks, Finance",Xiaomi
Male,60+,Single,Private company employee,15001-20000,0-1 hours,Most necessary,Price,4,Warranty or service concerns,"Instagram, YouTube, Facebook Messenger, TikTok",Watch movies/listen to music,Xiaomi
Male,60+,Single,Private company employee,30001-40000,3-5 hours,Necessary,Product feature,3,Warranty or service concerns,"Instagram, Facebook, YouTube, Facebook Messenger, Spotify, TikTok, Telegram","Play games, Take photos/videos",Oppo
Female,33-40,Single,Student,15001-20000,0-1 hours,Most necessary,Product feature,2,Unable to inspect product,"Instagram, TikTok",Watch movies/listen to music,Apple
Male,60+,Married,Business owner,30001-40000,3-5 hours,Necessary,Product feature,4,Warranty or service concerns,"Facebook, YouTube, Facebook Messenger, Spotify","Chat with family, Read e-books, Listen to radio",Samsung
Male,26-32,Single,Business owner,15001-20000,3-5 hours,Necessary,Product feature,5,Delivery delay,"YouTube, TikTok","Watch movies/listen to music, Play games, Communication/meetings",Oppo
Female,33-40,Married,Business owner,15001-20000,,Not necessary,Product feature,3,Warranty or service concerns,"Instagram, Facebook, TikTok","Play games, Watch movies, Take photos",Oppo
Male,33-40,Single,Business owner,15001-20000,0-1 hours,Not necessary,Product feature,5,Unable to inspect product,Gmail,"Cloud apps, Communication/meetings, Social media",Samsung
Female,60+,Single,Business owner,15001-20000,,Most necessary,Product feature,2,Unable to inspect product,"Facebook, Facebook Messenger, Line","Watch movies/listen to music, Take photos/videos, Social media",Xiaomi
Male,18-25,Single,Private company employee,15001-20000,1-3 hours,Most necessary,Product feature,1,Warranty or service concerns,"Instagram, Facebook, YouTube, Facebook Messenger, Spotify, TikTok","Play games, Streaming, Social media",Realme
Male,60+,Married,Private company employee,15001-20000,0-1 hours,Most necessary,Product feature,3,Unable to inspect product,Instagram,"Watch movies/listen to music, Play games, Take photos/videos",Apple
Female,60+,Single,Business owner,15001-20000,More than 5 hours,Not necessary,Product feature,1,Warranty or service concerns,"Instagram, YouTube, TikTok","Communication/meetings, Social media",Xiaomi
Male,26-32,Single,Business owner,15001-20000,1-3 hours,Not necessary,Product feature,5,Unable to inspect product,"YouTube, TikTok","Streaming, Take photos/videos, Edit video",Realme 7 5G
Female,26-32,Single,Private company employee,15001-20000,3-5 hours,Necessary,Product feature,1,Concerns about payment security,"Instagram, Facebook, YouTube, Spotify, TikTok","Cloud apps, Communication/meetings, Social media",Infinix
Male,60+,Single,Private company employee,15001-20000,3-5 hours,Most necessary,Product review,2,Unable to inspect product,LINE,"Email, , Finance",Samsung
Male,60+,Single,Private company employee,20001-30000,1-3 hours,Not necessary,Product feature,2,Unable to inspect product,"Instagram, Facebook, YouTube, TikTok","/, Email, Finance",Vivo
Female,33-40,Married,Business owner,30001-40000,1-3 hours,Necessary,Price,3,Unable to inspect product,LINE,"/, Email, Finance",Oppo
Male,41-50,Single,Private company employee,More than 50001,1-3 hours,Not necessary,Product feature,3,Warranty or service concerns,"Instagram, Facebook, YouTube","Watch movies/listen to music, Play games, Take photos",Samsung
Female,60+,Single,Private company employee,15001-20000,,Necessary,Product feature,2,Unable to inspect product,"Instagram, Spotify, TikTok","Watch movies/listen to music, Take photos/videos, Communication/meetings",Apple
Female,33-40,Single,Private company employee,15001-20000,,Not necessary,Product feature,4,Unable to inspect product,"Facebook, Facebook Messenger, Line","Watch movies, Take photos, Listen to music",Apple
Female,33-40,Single,Private company employee,15001-20000,0-1 hours,Necessary,Product feature,2,Delivery delay,"Instagram, Spotify, TikTok","Take photos/videos, Communication/meetings, Social media",Oppo
Female,33-40,Married,Business owner,15001-20000,1-3 hours,Not necessary,Product feature,5,Warranty or service concerns,WhatsApp,"Play games, Streaming, Social media",Oppo
Female,26-32,Single,Business owner,15001-20000,1-3 hours,Not necessary,Product feature,1,Unable to inspect product,"Instagram, Facebook, YouTube, Snapchat, Facebook Messenger, Spotify, WhatsApp, TikTok",Play games,Realme
Female,33-40,Married,Factory worker,15001-20000,3-5 hours,Most necessary,Product feature,2,Unable to inspect product,"Facebook, Facebook Messenger, Spotify, TikTok","Communication, Take photos, Social media",Oppo
Female,18-25,Single,Business owner,15001-20000,3-5 hours,Necessary,Product feature,2,Concerns about payment security,"Instagram, Facebook, YouTube, Facebook Messenger","Watch movies, Take photos, Listen to music",Samsung
Male,41-50,Single,Business owner,20001-30000,3-5 hours,Necessary,Product feature,4,Unable to inspect product,"Instagram, Facebook, TikTok","Watch movies/listen to music, Play games, Social media",Vivo
Male,33-40,Married,Private company employee,15001-20000,More than 5 hours,Not necessary,Product feature,4,Unable to inspect product,"Instagram, Facebook, YouTube","Track delivery, Customer chat, Email",Xiaomi
Female,60+,Single,Business owner,15001-20000,1-3 hours,Not necessary,Product feature,1,Delivery delay,"YouTube, Facebook Messenger, Discord, Wise","Cloud apps, Communication/meetings, Social media",Samsung
Female,41-50,Single,Private company employee,15001-20000,More than 5 hours,Most necessary,Product feature,2,Warranty or service concerns,"Instagram, Facebook, YouTube, Facebook Messenger, Spotify","Watch movies/listen to music, Take photos/videos, Communication/meetings",Xiaomi
Female,18-25,Single,Student,15001-20000,,Most necessary,Product feature,4,Warranty or service concerns,CapCut,"Streaming, Take photos/videos, Edit video",Vivo
Female,26-32,Single,Private company employee,20001-30000,,Most necessary,Product feature,1,Unable to inspect product,"Instagram, Facebook, Facebook Messenger, TikTok, Telegram","Take photos/videos, Watch movies/Listen to music, Online shopping",Xiaomi
Male,26-32,Single,Student,20001-30000,3-5 hours,Not necessary,Price,3,Unable to inspect product,"Instagram, Facebook, YouTube, Facebook Messenger, Spotify, TikTok, Telegram","Play games, Take photos, Watch movies",Vivo
Female,26-32,Married,Private company employee,30001-40000,1-3 hours,Not necessary,Product feature,4,Unable to inspect product,Gmail,"Play games, Streaming, Social media",Oppo
Male,26-32,Single,Private company employee,15001-20000,,Not necessary,Product feature,5,Warranty or service concerns,"Instagram, YouTube, Facebook Messenger, TikTok","Watch movies/listen to music, Play games, Take photos/videos",Realme 7 5G
Female,26-32,Married,Private company employee,15001-20000,More than 5 hours,Necessary,Product feature,5,Concerns about payment security,"Instagram, Facebook, Facebook Messenger, TikTok, LINE","Play games, Streaming, Social media",Huawei
Male,33-40,Single,Business owner,15001-20000,,Most necessary,Product feature,5,Unable to inspect product,"Instagram, TikTok","Watch movies/listen to music, Take photos/videos, Social media",Xiaomi
Female,60+,Single,Private company employee,15001-20000,1-3 hours,Not necessary,Product feature,5,Unable to inspect product,"Instagram, Facebook, YouTube, Facebook Messenger, Spotify, WhatsApp, TikTok, Telegram","Watch movies/listen to music, Play games, Take photos/videos",Huawei
Female,26-32,Single,Private company employee,15001-20000,,Necessary,Product feature,2,Unable to inspect product,"Instagram, Facebook, TikTok","Read news, Check stocks, Finance",Realme
Female,60+,Married,Private company employee,20001-30000,1-3 hours,Necessary,Product feature,2,Concerns about payment security,"Facebook, YouTube, Facebook Messenger, TikTok","Online meetings, Schedule management, Email",Vivo
Female,60+,Married,Private company employee,15001-20000,3-5 hours,Not necessary,Product feature,4,Delivery delay,"Instagram, TikTok","Watch movies/listen to music, Play games, Take photos/videos",Oppo
Female,26-32,Single,Business owner,15001-20000,0-1 hours,Necessary,Product review,1,Unable to inspect product,Facebook,"TikTok, Livestream, Search information",Huawei
Female,26-32,Single,Factory worker,15001-20000,1-3 hours,Not necessary,Product feature,2,Warranty or service concerns,"Instagram, Facebook, YouTube, Facebook Messenger, TikTok, Line","Online shopping, Track delivery, Customer chat",Vivo
Female,33-40,Single,Business owner,20001-30000,3-5 hours,Not necessary,Product feature,5,Unable to inspect product,TikTok,"Watch movies/listen to music, Communication/meetings, Social media",Huawei
Female,60+,Single,Private company employee,20001-30000,1-3 hours,Not necessary,Product feature,1,Unable to inspect product,"Instagram, Facebook, Facebook Messenger, TikTok","Social media, Take photos/videos, Watch movies/Listen to music",Huawei
Male,33-40,Married,Business owner,20001-30000,,Not necessary,Product feature,1,Warranty or service concerns,"Facebook, YouTube, Facebook Messenger, Spotify","Online shopping, Track delivery, Customer chat",Huawei
Male,60+,Single,Private company employee,15001-20000,0-1 hours,Not necessary,Product feature,5,Unable to inspect product,"Facebook, YouTube, Facebook Messenger, TikTok","Watch movies/listen to music, Play games, Cloud apps",Xiaomi
Male,41-50,Single,Private company employee,15001-20000,3-5 hours,Most necessary,Product feature,5,Unable to inspect product,"Instagram, Facebook, TikTok","Watch movies/listen to music, Play games, Communication/meetings",Realme 7 5G
Male,33-40,Single,Private company employee,20001-30000,0-1 hours,Necessary,Product feature,5,Delivery delay,CapCut,"/, Email, Finance",Vivo
Male,26-32,Married,Business owner,15001-20000,1-3 hours,Most necessary,Product feature,4,Unable to inspect product,SET,"Play games, Take photos/videos",Vivo
Male,26-32,Single,Business owner,More than 50001,1-3 hours,Not necessary,Product feature,5,Unable to inspect product,"Instagram, Facebook, YouTube, Snapchat, Facebook Messenger, Spotify, WhatsApp, TikTok, Telegram","Watch movies/listen to music, Take photos/videos, Social media",Oppo
Male,26-32,Single,Business owner,20001-30000,1-3 hours,Necessary,Product feature,2,Unable to inspect product,"Instagram, Facebook, YouTube, Snapchat, Facebook Messenger, Spotify, WhatsApp, TikTok, Telegram","Online shopping, Track delivery, Customer chat",Xiaomi
Male,26-32,Single,Business owner,15001-20000,1-3 hours,Not necessary,Product feature,2,Unable to inspect product,"YouTube, TikTok","Watch movies/listen to music, Play games, Communication/meetings",Xiaomi
Male,33-40,Single,Student,20001-30000,,Most necessary,Product feature,5,Warranty or service concerns,"Facebook, TikTok, Line","Social media, Take photos/videos, Watch movies/Listen to music",Xiaomi
Male,26-32,Single,Student,15001-20000,1-3 hours,Not necessary,Product feature,4,Unable to inspect product,"Instagram, YouTube, Spotify, Telegram","Play esports, Stream games, Community chat",Xiaomi
Female,60+,Single,Private company employee,15001-20000,More than 5 hours,Necessary,Product feature,4,Delivery delay,Facebook Messenger,"Watch movies/listen to music, Take photos/videos, Communication/meetings",Vivo
Male,26-32,Married,Private company employee,15001-20000,More than 5 hours,Necessary,Price,2,Warranty or service concerns,CapCut,"Read news, Check stocks, Finance",Oppo
Female,60+,Single,Private company employee,15001-20000,More than 5 hours,Necessary,Product feature,2,Warranty or service concerns,"Facebook, YouTube","Play games, Streaming, Social media",Xiaomi
Male,60+,Single,Private company employee,15001-20000,1-3 hours,Necessary,Price,4,Unable to inspect product,VSCO,"Play games, Take photos/videos, Social media",Oppo
Female,60+,Single,Business owner,20001-30000,3-5 hours,Most necessary,Product feature,2,Warranty or service concerns,"Facebook, Facebook Messenger, Spotify","Online meetings, Schedule management, Email",Huawei
Male,33-40,Single,Business owner,15001-20000,0-1 hours,Necessary,Product feature,1,Concerns about payment security,"Instagram, Facebook, YouTube, Facebook Messenger, Spotify, TikTok","Play esports, Stream games, Community chat",Vivo
Male,33-40,Single,Government officer,15001-20000,3-5 hours,Not necessary,Product feature,1,Unable to inspect product,Facebook,"Art photography, Video editing, Upload stories",Oppo
Female,26-32,Single,Private company employee,30001-40000,0-1 hours,Necessary,Product feature,4,Unable to inspect product,"Instagram, TikTok","Online shopping, Track delivery, Customer chat",Oppo
Female,18-25,Single,Business owner,20001-30000,1-3 hours,Not necessary,Product feature,1,Warranty or service concerns,"Instagram, Facebook, YouTube, Snapchat, Facebook Messenger, Spotify, WhatsApp, TikTok","Play games, Streaming, Take photos/videos",Realme
Male,26-32,Single,Private company employee,15001-20000,0-1 hours,Not necessary,Product feature,4,Warranty or service concerns,Telegram,Play games,Apple
Male,33-40,Married,Business owner,20001-30000,1-3 hours,Most necessary,Product feature,1,Warranty or service concerns,Facebook,"GPS navigation, Check car condition, Listen to podcasts",Huawei
Female,26-32,Single,Student,15001-20000,More than 5 hours,Necessary,Product feature,1,Unable to inspect product,"Instagram, YouTube, Spotify, TikTok","Chat with family, Read e-books, Listen to radio",Realme
Male,60+,Single,Private company employee,15001-20000,1-3 hours,Necessary,Price,4,Concerns about payment security,"Instagram, Facebook, YouTube, Facebook Messenger, TikTok, Line","Watch movies/listen to music, Social media",Apple
Female,26-32,Single,Private company employee,More than 50001,3-5 hours,Most necessary,Product feature,1,Unable to inspect product,Facebook Messenger,"Watch movies/listen to music, Play games",Oppo
Female,26-32,Single,Business owner,20001-30000,1-3 hours,Not necessary,Product feature,5,Unable to inspect product,"Instagram, Facebook, YouTube, Snapchat, Facebook Messenger, Spotify, TikTok","Watch movies/listen to music, Play games",Vivo
Female,41-50,Single,Government officer,More than 50001,1-3 hours,Not necessary,Product feature,1,Unable to inspect product,"Instagram, YouTube, Facebook Messenger, Spotify, TikTok","Watch movies/listen to music, Take photos/videos",Oppo
Female,60+,Married,Business owner,15001-20000,0-1 hours,Necessary,Product feature,5,Concerns about payment security,"Facebook, YouTube, Facebook Messenger","Watch movies/listen to music, Play games, Take photos/videos",Realme
Male,26-32,Single,Business owner,15001-20000,More than 5 hours,Necessary,Product feature,3,Unable to inspect product,Facebook,"Watch movies, Play games, Take photos",Apple
Female,26-32,Single,Private company employee,30001-40000,0-1 hours,Necessary,Product feature,4,Warranty or service concerns,"Facebook, YouTube","Watch movies/listen to music, Take photos/videos, Social media",Apple
Male,33-40,Married,Business owner,20001-30000,,Necessary,Product feature,3,Warranty or service concerns,"Facebook, YouTube, Facebook Messenger, TikTok","Play games, Streaming, Take photos/videos",Huawei
Female,60+,Single,Student,15001-20000,0-1 hours,Most necessary,Product feature,3,Unable to inspect product,CapCut,"Play games, Streaming, Take photos/videos",Vivo
Male,33-40,Married,Private company employee,15001-20000,More than 5 hours,Not necessary,Product feature,5,Concerns about payment security,"Instagram, Facebook, YouTube, Snapchat, Facebook Messenger, Spotify, TikTok","Streaming, Take photos/videos, Edit video",Realme
Male,26-32,Single,Private company employee,15001-20000,3-5 hours,Necessary,Product feature,5,Unable to inspect product,"Facebook, Facebook Messenger, Spotify","Chat with family, Read e-books, Listen to radio",Infinix
Female,26-32,Single,Private company employee,15001-20000,1-3 hours,Necessary,Product feature,5,Unable to inspect product,"Instagram, Facebook, YouTube, Facebook Messenger, Spotify, TikTok","Online shopping, Track delivery, Customer chat",Apple
Female,33-40,Married,Private company employee,30001-40000,1-3 hours,Necessary,Product feature,4,Unable to inspect product,LINE,"Online shopping, Track delivery, Customer chat",Samsung
Female,60+,Single,Business owner,More than 50001,0-1 hours,Necessary,Product feature,3,Warranty or service concerns,"Instagram, Facebook, Facebook Messenger, TikTok, LINE","Watch movies/listen to music, Take photos/videos, Communication/meetings",Oppo
Female,18-25,Married,Business owner,15001-20000,More than 5 hours,Most necessary,Product feature,4,Warranty or service concerns,SET,"Email, , Finance",Apple
Female,26-32,Married,Business owner,15001-20000,1-3 hours,Not necessary,Product feature,2,Unable to inspect product,Google Maps,"Play games, Watch movies, Take photos",Realme
Female,60+,Single,Business owner,15001-20000,1-3 hours,Necessary,Product feature,1,Warranty or service concerns,"Facebook, YouTube, Facebook Messenger","Online shopping, Track delivery, Customer chat",Apple
Female,33-40,Single,Student,20001-30000,1-3 hours,Not necessary,Product feature,4,Unable to inspect product,"Instagram, Facebook, Facebook Messenger, TikTok, Telegram","Product photography, Edit reviews, Online marketplace",Vivo
Male,26-32,Single,Private company employee,15001-20000,3-5 hours,Most necessary,Product feature,5,Unable to inspect product,SET,"Email, , Finance",Huawei
Male,18-25,Single,Private company employee,20001-30000,,Necessary,Product feature,5,Unable to inspect product,"Instagram, Facebook, Facebook Messenger, TikTok","Play games, Take photos, Watch movies",Realme
Male,33-40,Single,Factory worker,15001-20000,More than 5 hours,Most necessary,Product feature,5,Unable to inspect product,"Instagram, Facebook, Facebook Messenger, TikTok, Telegram","Social media, Take photos/videos, Watch movies/Listen to music",Vivo
Male,41-50,Single,Business owner,15001-20000,3-5 hours,Necessary,Product feature,5,Unable to inspect product,"Facebook, Facebook Messenger, Line","Social media, Take photos/videos, Watch movies/Listen to music",Samsung
Female,18-25,Single,Private company employee,15001-20000,More than 5 hours,Not necessary,Product feature,1,Unable to inspect product,Discord,"Play games, Streaming, Take photos/videos",Samsung
Female,26-32,Single,Business owner,15001-20000,0-1 hours,Necessary,Product feature,2,Unable to inspect product,"Instagram, YouTube, Facebook Messenger, Spotify, TikTok","TikTok, Livestream, Search information",Samsung
Female,18-25,Single,Private company employee,15001-20000,1-3 hours,Not necessary,Product feature,5,Warranty or service concerns,Google Maps,"Watch movies, Take photos, Listen to music",Samsung
Male,26-32,Single,Student,More than 50001,0-1 hours,Not necessary,Product feature,1,Unable to inspect product,Telegram,"Product photography, Edit reviews, Online marketplace",Apple
Male,18-25,Single,Private company employee,15001-20000,,Most necessary,Product feature,3,Unable to inspect product,"Instagram, Facebook, YouTube, Snapchat, Facebook Messenger, Spotify, WhatsApp, TikTok","Cloud apps, Communication/meetings, Social media",Oppo
Female,60+,Single,Private company employee,30001-40000,,Necessary,Product review,3,Concerns about payment security,Gmail,"Communication, Take photos, Social media",Samsung
Female,33-40,Married,Private company employee,More than 50001,3-5 hours,Not necessary,Product feature,4,Unable to inspect product,"Facebook, TikTok, Line","Watch movies/listen to music, Take photos/videos, Social media",Samsung
Female,18-25,Single,Factory worker,15001-20000,,Most necessary,Product feature,2,Warranty or service concerns,"Instagram, Facebook, YouTube, Facebook Messenger, Spotify, TikTok, Telegram","Watch movies/listen to music, Take photos/videos, Social media",Huawei
Male,60+,Single,Business owner,15001-20000,3-5 hours,Necessary,Product feature,1,Concerns about payment security,"Instagram, Facebook, YouTube, Facebook Messenger, TikTok, Line","Take photos/videos, Watch movies/Listen to music, Online shopping",Apple
Male,26-32,Single,Student,15001-20000,3-5 hours,Not necessary,Product feature,5,Concerns about payment security,"Instagram, Facebook, YouTube, Facebook Messenger, TikTok, Line","Email, , Finance",Xiaomi
Female,60+,Single,Government officer,15001-20000,More than 5 hours,Necessary,Product feature,4,Warranty or service concerns,WhatsApp,"Watch movies/listen to music, Social media",Huawei
Female,33-40,Single,Private company employee,15001-20000,1-3 hours,Not necessary,Product feature,2,Unable to inspect product,"Instagram, Facebook Messenger, TikTok","Watch movies/listen to music, Take photos/videos",Xiaomi
Male,33-40,Single,Business owner,20001-30000,More than 5 hours,Necessary,Product feature,2,Unable to inspect product,Discord,"/, Email, Finance",Vivo
Female,33-40,Single,Business owner,15001-20000,0-1 hours,Not necessary,Product feature,4,Concerns about payment security,"Instagram, Facebook, YouTube, Facebook Messenger, TikTok, Line","Play games, Streaming, Take photos/videos",Vivo
Male,33-40,Married,Business owner,15001-20000,More than 5 hours,Not necessary,Product feature,3,Warranty or service concerns,Instagram,"Watch movies/listen to music, Play games, Social media",Realme
Male,60+,Married,Business owner,20001-30000,0-1 hours,Necessary,Product feature,4,Unable to inspect product,"YouTube, TikTok","Streaming, Take photos/videos, Edit video",Huawei
Female,60+,Single,Private company employee,15001-20000,1-3 hours,Most necessary,Product feature,2,Unable to inspect product,"Instagram, Facebook, YouTube, Facebook Messenger","Online shopping, Track delivery, Customer chat",Samsung
Female,18-25,Single,Student,30001-40000,0-1 hours,Necessary,Product feature,4,Concerns about payment security,"Instagram, Facebook, YouTube, Facebook Messenger, TikTok, Telegram","Play games, Take photos/videos, Social media",Apple
Male,60+,Single,Business owner,15001-20000,More than 5 hours,Necessary,Product feature,5,Concerns about payment security,Discord,"Cloud apps, Communication/meetings, Social media",Xiaomi
Female,26-32,Married,Private company employee,More than 50001,0-1 hours,Most necessary,Product feature,5,Unable to inspect product,"Instagram, Facebook, Facebook Messenger, Spotify, TikTok","Watch movies/listen to music, Take photos/videos",Samsung
Male,41-50,Single,Private company employee,15001-20000,3-5 hours,Most necessary,Product feature,4,Unable to inspect product,"Instagram, YouTube, TikTok","Social media, Take photos/videos, Watch movies/Listen to music",Samsung
Male,33-40,Single,Business owner,20001-30000,More than 5 hours,Not necessary,Product feature,4,Unable to inspect product,"Facebook, YouTube","Communication, Take photos, Social media",Xiaomi
Male,33-40,Single,Factory worker,15001-20000,0-1 hours,Not necessary,Price,1,Unable to inspect product,"Instagram, Facebook, YouTube, Spotify, TikTok","Play games, Take photos/videos",Realme
Male,26-32,Single,Private company employee,15001-20000,1-3 hours,Necessary,Product feature,1,Concerns about payment security,"YouTube, Facebook Messenger, Discord, Wise","Communication, Take photos, Social media",Oppo
Male,26-32,Single,Business owner,20001-30000,3-5 hours,Not necessary,Product feature,1,Unable to inspect product,VSCO,"Watch movies/listen to music, Take photos/videos, Social media",Huawei
Female,33-40,Single,Student,15001-20000,0-1 hours,Not necessary,Product feature,5,Concerns about payment security,Gmail,"Social media, Take photos/videos, Watch movies/Listen to music",Samsung
Female,33-40,Single,Student,15001-20000,3-5 hours,Most necessary,Product feature,5,Unable to inspect product,"Instagram, Facebook, YouTube, Snapchat, Facebook Messenger, Spotify, TikTok","Online shopping, Track delivery, Customer chat",Apple
Female,33-40,Single,Student,15001-20000,,Necessary,Product feature,2,Delivery delay,"Instagram, Facebook, Facebook Messenger, TikTok, Telegram","Communication/meetings, Social media",Vivo
Female,26-32,Single,Private company employee,15001-20000,3-5 hours,Not necessary,Product feature,3,Unable to inspect product,"Facebook, TikTok, Line","Play games, Streaming, Take photos/videos",Xiaomi
Male,60+,Single,Business owner,15001-20000,More than 5 hours,Not necessary,Product feature,1,Concerns about payment security,"Instagram, YouTube, Facebook Messenger, Spotify, TikTok","Email, , Finance",Oppo
Female,60+,Single,Business owner,15001-20000,0-1 hours,Not necessary,Product feature,3,Unable to inspect product,"Instagram, Facebook, YouTube, Snapchat, Facebook Messenger, Spotify, TikTok","TikTok, Livestream, Search information",Realme 7 5G
Male,33-40,Single,Private company employee,15001-20000,,Most necessary,Product feature,1,Unable to inspect product,"Instagram, YouTube, Spotify, Telegram",Play games,Vivo
Female,60+,Single,Private company employee,30001-40000,3-5 hours,Not necessary,Product feature,4,Unable to inspect product,"Instagram, Facebook, YouTube, Facebook Messenger, Telegram","Take photos, Listen to music, Social media",Samsung
Male,33-40,Single,Business owner,15001-20000,,Necessary,Product feature,2,Unable to inspect product,"YouTube, TikTok","Play games, Streaming, Take photos/videos",Apple
Male,26-32,Single,Business owner,More than 50001,,Necessary,Product feature,3,Unable to inspect product,YouTube,"Play games, Take photos/videos, Cloud apps",Apple
Female,41-50,Single,Business owner,15001-20000,0-1 hours,Necessary,Product feature,3,Unable to inspect product,"Instagram, Facebook, Facebook Messenger, TikTok, LINE","Play games, Streaming, Social media",Xiaomi
Female,60+,Single,Business owner,15001-20000,,Not necessary,Product feature,4,Warranty or service concerns,"Facebook, YouTube, Facebook Messenger","Watch movies, Play games, Take photos",Oppo
Female,26-32,Single,Student,30001-40000,3-5 hours,Most necessary,Product feature,4,Unable to inspect product,"Instagram, Facebook, TikTok","Play games, Streaming, Take photos/videos",Samsung
Male,33-40,Single,Private company employee,15001-20000,More than 5 hours,Necessary,Product feature,4,Warranty or service concerns,"Instagram, Facebook, Facebook Messenger, TikTok, LINE","Online shopping, Social media, Finance",Xiaomi
Male,26-32,Married,Private company employee,15001-20000,,Most necessary,Product feature,2,Delivery delay,LINE,"Watch movies/listen to music, Play games, Take photos",Samsung
Male,41-50,Single,Business owner,15001-20000,1-3 hours,Necessary,Product feature,4,Warranty or service concerns,"Facebook, YouTube","Chat with family, Read e-books, Listen to radio",Xiaomi
Male,33-40,Married,Business owner,15001-20000,,Not necessary,Product feature,2,Unable to inspect product,"Instagram, Facebook, YouTube, Facebook Messenger, TikTok, Line, X","Chat with family, Read e-books, Listen to radio",Apple
Male,26-32,Single,Private company employee,15001-20000,1-3 hours,Not necessary,Product feature,2,Warranty or service concerns,"Instagram, YouTube, Facebook Messenger, Spotify, TikTok","Play esports, Stream games, Community chat",Samsung
Female,33-40,Single,Student,15001-20000,,Most necessary,Product feature,1,Unable to inspect product,"Instagram, YouTube, Facebook Messenger, Spotify, TikTok","Watch movies/listen to music, Take photos/videos, Communication/meetings",Huawei
Female,18-25,Single,Student,15001-20000,More than 5 hours,Necessary,Product feature,5,Concerns about payment security,Instagram,"Social media, Take photos/videos, Watch movies/Listen to music",Vivo
Female,60+,Single,Business owner,15001-20000,1-3 hours,Necessary,Product feature,1,Warranty or service concerns,"Facebook, YouTube, Facebook Messenger","Online shopping, Track delivery, Customer chat",Apple
Male,18-25,Single,Business owner,More than 50001,3-5 hours,Most necessary,Product feature,1,Unable to inspect product,"Facebook, Facebook Messenger, Spotify","Play games, Take photos/videos",Samsung
Male,41-50,Single,Private company employee,30001-40000,0-1 hours,Not necessary,Product feature,1,Unable to inspect product,"Instagram, Facebook, YouTube, Facebook Messenger, Spotify, WhatsApp, TikTok, Telegram","Take photos/videos, Communication/meetings, Social media",Apple
Female,33-40,Single,Business owner,15001-20000,1-3 hours,Most necessary,Product feature,4,Warranty or service concerns,"Instagram, Facebook, Facebook Messenger, TikTok","Play games, Take photos/videos, Cloud apps",Apple
Male,33-40,Married,Business owner,15001-20000,3-5 hours,Necessary,Product feature,1,Unable to inspect product,"Instagram, Facebook, YouTube, Facebook Messenger, TikTok, Line","Play games, Watch movies, Take photos",Apple
Female,33-40,Single,Business owner,30001-40000,1-3 hours,Necessary,Product feature,3,Unable to inspect product,"Facebook, Facebook Messenger, Line","Communication/meetings, Social media",Samsung
Female,60+,Married,Private company employee,15001-20000,0-1 hours,Not necessary,Product feature,1,Warranty or service concerns,"Instagram, Facebook, Facebook Messenger, Spotify, TikTok","Watch movies/listen to music, Social media",Realme
Female,26-32,Single,Private company employee,15001-20000,0-1 hours,Not necessary,Product feature,3,Delivery delay,"Instagram, Facebook, Facebook Messenger, TikTok, LINE","Watch movies, Play games, Take photos",Samsung
Male,60+,Single,Business owner,15001-20000,0-1 hours,Not necessary,Product feature,3,Unable to inspect product,"Instagram, Facebook, YouTube, Facebook Messenger, Spotify","Watch movies/listen to music, Play games, Communication/meetings",Huawei
Female,18-25,Single,Business owner,15001-20000,More than 5 hours,Not necessary,Product feature,2,Unable to inspect product,"Facebook, YouTube, Facebook Messenger",Play games,Apple
Female,60+,Single,Private company employee,20001-30000,1-3 hours,Necessary,Product feature,4,Warranty or service concerns,"Instagram, Facebook, YouTube, Facebook Messenger, TikTok, Line, X","Watch movies/listen to music, Communication/meetings, Social media",Vivo
Male,60+,Single,Private company employee,15001-20000,0-1 hours,Not necessary,Product feature,5,Unable to inspect product,"Facebook, YouTube, Facebook Messenger, TikTok","Watch movies/listen to music, Play games, Cloud apps",Xiaomi
Female,60+,Married,Private company employee,15001-20000,More than 5 hours,Necessary,Product feature,1,Concerns about payment security,"Facebook, TikTok, Line","Social media, Take photos/videos, Watch movies/Listen to music",Apple
Female,60+,Single,Private company employee,20001-30000,1-3 hours,Not necessary,Product feature,1,Unable to inspect product,"Instagram, Facebook, Facebook Messenger, TikTok","Social media, Take photos/videos, Watch movies/Listen to music",Huawei
Male,60+,Single,Private company employee,15001-20000,,Most necessary,Product feature,3,Warranty or service concerns,"Instagram, Facebook, YouTube, Facebook Messenger, Spotify, TikTok","Watch movies, Take photos, Listen to music",Oppo
Male,60+,Single,Private company employee,15001-20000,,Necessary,Product feature,4,Warranty or service concerns,"Facebook, Facebook Messenger, Line","Play games, Take photos, Watch movies",Realme 7 5G
Female,26-32,Single,Business owner,15001-20000,,Most necessary,Product feature,4,Unable to inspect product,Shopee,"Watch movies, Listen to music, Take photos",Oppo
Female,18-25,Single,Business owner,15001-20000,,Not necessary,Product feature,4,Delivery delay,"Instagram, Facebook, YouTube, Snapchat, Facebook Messenger, Spotify, WhatsApp, TikTok","Play games, Streaming, Take photos/videos",Realme
Female,33-40,Single,Private company employee,15001-20000,,Not necessary,Product feature,2,Unable to inspect product,"Instagram, YouTube, Facebook Messenger, Spotify, TikTok","Watch movies/listen to music, Communication/meetings, Social media",Huawei
Female,26-32,Married,Student,20001-30000,3-5 hours,Most necessary,Product feature,2,Warranty or service concerns,"Instagram, Facebook, YouTube, Snapchat, Facebook Messenger, Spotify, TikTok","/, Email, Finance",Realme
Female,60+,Single,Student,15001-20000,,Necessary,Product feature,5,Delivery delay,SET,"Play games, Take photos, Watch movies",Xiaomi
Female,18-25,Single,Private company employee,More than 50001,0-1 hours,Necessary,Product feature,2,Unable to inspect product,"Instagram, Facebook, YouTube, Facebook Messenger, Telegram","Play games, Streaming, Social media",Apple
Male,26-32,Single,Private company employee,15001-20000,3-5 hours,Most necessary,Product feature,1,Concerns about payment security,"Instagram, Facebook, Facebook Messenger, TikTok, Telegram",Play games,Realme
Male,18-25,Single,Business owner,15001-20000,1-3 hours,Not necessary,Price,1,Concerns about payment security,"Facebook, TikTok, Line","Watch movies, Take photos, Listen to music",Huawei
Female,41-50,Single,Business owner,15001-20000,0-1 hours,Not necessary,Product feature,3,Unable to inspect product,"Instagram, TikTok","Watch movies/listen to music, Play games, Communication/meetings",Vivo
Female,60+,Married,Factory worker,15001-20000,3-5 hours,Necessary,Product feature,5,Concerns about payment security,"YouTube, TikTok","Watch movies/listen to music, Play games, Take photos/videos",Realme
Male,33-40,Single,Government officer,15001-20000,1-3 hours,Necessary,Product feature,5,Concerns about payment security,"Instagram, Facebook, Facebook Messenger, Spotify, TikTok","Watch movies/listen to music, Play games, Social media",Vivo
Female,26-32,Single,Business owner,15001-20000,,Not necessary,Product feature,1,Delivery delay,"Instagram, YouTube, Facebook Messenger, TikTok","Watch movies/listen to music, Social media",Vivo
Female,60+,Single,Business owner,20001-30000,0-1 hours,Necessary,Product feature,3,Warranty or service concerns,"Instagram, Facebook, YouTube, Facebook Messenger, TikTok","Online shopping, Social media, Finance",Realme
Female,60+,Single,Private company employee,20001-30000,3-5 hours,Not necessary,Product feature,5,Delivery delay,"Facebook, Facebook Messenger, Spotify, TikTok","Online shopping, Track delivery, Customer chat",Huawei
Male,26-32,Single,Private company employee,15001-20000,0-1 hours,Not necessary,Product feature,4,Warranty or service concerns,Telegram,Play games,Apple
Female,26-32,Single,Business owner,20001-30000,0-1 hours,Most necessary,Product feature,5,Warranty or service concerns,Microsoft Teams,"Play games, Take photos/videos",Realme
Female,26-32,Married,Business owner,15001-20000,1-3 hours,Not necessary,Product feature,2,Unable to inspect product,Google Maps,"Play games, Watch movies, Take photos",Realme
Male,18-25,Single,Private company employee,15001-20000,3-5 hours,Not necessary,Product review,5,Unable to inspect product,LINE,"Read news, Check stocks, Finance",Realme
Female,26-32,Single,Business owner,20001-30000,1-3 hours,Not necessary,Product feature,5,Unable to inspect product,"Instagram, Facebook, YouTube, Snapchat, Facebook Messenger, Spotify, TikTok","Watch movies/listen to music, Play games",Vivo
Female,41-50,Single,Business owner,15001-20000,3-5 hours,Necessary,Product feature,1,Delivery delay,Google Maps,"Play games, Streaming, Social media",Realme
Male,60+,Single,Business owner,20001-30000,1-3 hours,Necessary,Price,5,Unable to inspect product,"Instagram, YouTube, TikTok",Watch movies/listen to music,Vivo
Male,18-25,Single,Business owner,15001-20000,More than 5 hours,Not necessary,Product feature,5,Concerns about payment security,WhatsApp,"Read news, Check stocks, Finance",Oppo
Male,60+,Married,Business owner,15001-20000,More than 5 hours,Not necessary,Product feature,4,Unable to inspect product,WhatsApp,"Cloud apps, Communication/meetings, Social media",Samsung
Female,60+,Married,Private company employee,15001-20000,More than 5 hours,Necessary,Product feature,1,Concerns about payment security,"Facebook, TikTok, Line","Social media, Take photos/videos, Watch movies/Listen to music",Apple
Male,41-50,Single,Business owner,15001-20000,3-5 hours,Not necessary,Product feature,3,Unable to inspect product,"Instagram, Facebook, YouTube","Watch movies/listen to music, Take photos/videos, Communication/meetings",Samsung
Female,41-50,Single,Private company employee,15001-20000,More than 5 hours,Most necessary,Product feature,2,Warranty or service concerns,"Instagram, Facebook, YouTube, Facebook Messenger, Spotify","Watch movies/listen to music, Take photos/videos, Communication/meetings",Xiaomi
Male,18-25,Single,Business owner,More than 50001,3-5 hours,Most necessary,Product feature,1,Unable to inspect product,"Facebook, Facebook Messenger, Spotify","Play games, Take photos/videos",Samsung
Male,33-40,Single,Private company employee,20001-30000,1-3 hours,Not necessary,Product feature,5,Unable to inspect product,Gmail,"Watch movies/listen to music, Play games, Cloud apps",Vivo
Male,41-50,Single,Business owner,15001-20000,,Most necessary,Product feature,3,Concerns about payment security,"Instagram, Facebook, YouTube, Snapchat, Facebook Messenger, Spotify, WhatsApp, TikTok, Telegram","Take photos/videos, Communication/meetings, Social media",Xiaomi
Male,33-40,Single,Private company employee,More than 50001,,Necessary,Product feature,3,Unable to inspect product,Gmail,"Play games, Streaming, Social media",Samsung
Female,26-32,Single,Private company employee,15001-20000,1-3 hours,Not necessary,Product feature,5,Unable to inspect product,"Instagram, Facebook, YouTube, Spotify, TikTok","Watch movies/listen to music, Social media",Samsung
Male,60+,Single,Private company employee,15001-20000,,Necessary,Product feature,4,Concerns about payment security,Gmail,"Play games, Take photos/videos, Cloud apps",Realme 7 5G
Male,26-32,Single,Private company employee,15001-20000,3-5 hours,Necessary,Product feature,5,Concerns about payment security,"Facebook, Facebook Messenger, Spotify","Watch movies, Listen to music, Take photos",Huawei
Male,26-32,Single,Student,More than 50001,1-3 hours,Not necessary,Product feature,1,Delivery delay,TikTok,"Play esports, Stream games, Community chat",Oppo
Female,26-32,Single,Business owner,15001-20000,3-5 hours,Necessary,Product feature,5,Unable to inspect product,Shopee,"Take photos/videos, Watch movies/Listen to music, Online shopping",Xiaomi
Male,33-40,Single,Private company employee,15001-20000,0-1 hours,Not necessary,Product feature,4,Concerns about payment security,"Instagram, Facebook, YouTube, Spotify, TikTok","Communication/meetings, Social media",Xiaomi
Female,41-50,Married,Business owner,More than 50001,3-5 hours,Not necessary,Product feature,1,Concerns about payment security,"Instagram, Facebook, YouTube, Spotify, TikTok","Art photography, Video editing, Upload stories",Oppo
Male,33-40,Single,Business owner,15001-20000,,Necessary,Product feature,5,Unable to inspect product,Microsoft Teams,"Product photography, Edit reviews, Online marketplace",Realme
Female,26-32,Single,Private company employee,20001-30000,3-5 hours,Not necessary,Product feature,3,Warranty or service concerns,"Facebook, Facebook Messenger, Spotify, TikTok","Product photography, Edit reviews, Online marketplace",Huawei
Male,60+,Single,Business owner,15001-20000,1-3 hours,Necessary,Product feature,2,Concerns about payment security,"Instagram, YouTube, Facebook Messenger, TikTok","Watch movies, Take photos, Listen to music",Huawei
Female,26-32,Married,Private company employee,20001-30000,More than 5 hours,Not necessary,Product feature,2,Unable to inspect product,Discord,Watch movies/listen to music,Huawei
Female,33-40,Married,Student,15001-20000,,Not necessary,Product feature,3,Unable to inspect product,"Instagram, TikTok","Watch movies/listen to music, Take photos/videos, Communication/meetings",Samsung
Female,41-50,Single,Business owner,20001-30000,More than 5 hours,Necessary,Product feature,4,Unable to inspect product,"Instagram, Facebook, Facebook Messenger, TikTok, Telegram","Play games, Watch movies, Take photos",Xiaomi
Female,41-50,Single,Private company employee,15001-20000,1-3 hours,Most necessary,Product feature,4,Unable to inspect product,Instagram,"Communication/meetings, Social media",Vivo
Female,33-40,Single,Business owner,15001-20000,More than 5 hours,Most necessary,Product feature,1,Warranty or service concerns,"Instagram, Facebook, YouTube, Facebook Messenger, Spotify, WhatsApp, TikTok, Telegram","Play games, Take photos/videos",Oppo
Male,26-32,Single,Private company employee,15001-20000,3-5 hours,Not necessary,Price,2,Unable to inspect product,TikTok,"Online shopping, Social media, Finance",Xiaomi
Male,33-40,Single,Private company employee,More than 50001,,Necessary,Product feature,3,Unable to inspect product,Gmail,"Play games, Streaming, Social media",Samsung
Male,60+,Single,Business owner,15001-20000,0-1 hours,Not necessary,Product feature,4,Concerns about payment security,"Instagram, Facebook, YouTube, Facebook Messenger, TikTok, Line, X","Watch movies/listen to music, Play games, Cloud apps",Redmi
Female,26-32,Single,Private company employee,20001-30000,3-5 hours,Not necessary,Product feature,4,Unable to inspect product,"Instagram, Facebook, YouTube, Facebook Messenger, Spotify, TikTok","Watch movies/listen to music, Play games, Take photos",Vivo
Male,60+,Married,Government officer,15001-20000,More than 5 hours,Most necessary,Product feature,3,Unable to inspect product,"Facebook, YouTube, Facebook Messenger, Spotify","Streaming, Take photos/videos, Edit video",Xiaomi
Male,26-32,Single,Private company employee,15001-20000,,Not necessary,Product feature,4,Delivery delay,"Instagram, YouTube, Spotify, Telegram","/, Email, Finance",Vivo
Female,60+,Single,Private company employee,20001-30000,0-1 hours,Not necessary,Product feature,1,Delivery delay,"Instagram, Facebook Messenger, TikTok","Read news, Check stocks, Finance",Xiaomi
Male,26-32,Single,Private company employee,15001-20000,3-5 hours,Most necessary,Product feature,5,Unable to inspect product,SET,"Email, , Finance",Huawei
Male,33-40,Single,Student,More than 50001,More than 5 hours,Necessary,Product feature,5,Unable to inspect product,"Instagram, Facebook, YouTube, Snapchat, Facebook Messenger, Spotify, WhatsApp, TikTok, Telegram","Watch movies/listen to music, Play games, Social media",Oppo
Male,26-32,Single,Private company employee,15001-20000,1-3 hours,Necessary,Product feature,1,Concerns about payment security,"YouTube, Facebook Messenger, Discord, Wise","Communication, Take photos, Social media",Oppo
Male,18-25,Single,Business owner,15001-20000,3-5 hours,Necessary,Product feature,1,Unable to inspect product,Telegram,"Play esports, Stream games, Community chat",Apple
Male,26-32,Single,Business owner,15001-20000,,Most necessary,Product feature,1,Unable to inspect product,"Instagram, Facebook, YouTube, TikTok","Watch movies/listen to music, Play games, Take photos/videos",Apple
Female,33-40,Married,Private company employee,15001-20000,More than 5 hours,Not necessary,Product feature,4,Concerns about payment security,"Instagram, Facebook, YouTube, Snapchat, Facebook Messenger, Spotify, TikTok","Watch movies/listen to music, Take photos/videos, Social media",Xiaomi
Female,60+,Single,Private company employee,30001-40000,More than 5 hours,Not necessary,Product feature,3,Warranty or service concerns,SET,"Watch movies/listen to music, Take photos/videos, Communication/meetings",Samsung
Male,26-32,Single,Private company employee,15001-20000,1-3 hours,Not necessary,Product feature,2,Warranty or service concerns,"Instagram, YouTube, Facebook Messenger, Spotify, TikTok","Play esports, Stream games, Community chat",Samsung
Male,18-25,Married,Business owner,20001-30000,1-3 hours,Necessary,Product feature,3,Concerns about payment security,"Instagram, Facebook, YouTube, Facebook Messenger","Play games, Watch movies, Take photos",Huawei
Female,26-32,Married,Private company employee,15001-20000,1-3 hours,Not necessary,Product review,5,Delivery delay,Gmail,"Online meetings, Schedule management, Email",Realme
Male,41-50,Single,Private company employee,15001-20000,3-5 hours,Most necessary,Product feature,4,Unable to inspect product,"Instagram, YouTube, TikTok","Social media, Take photos/videos, Watch movies/Listen to music",Samsung
Female,41-50,Single,Government officer,20001-30000,1-3 hours,Most necessary,Product feature,5,Warranty or service concerns,"Instagram, Facebook, YouTube, Facebook Messenger, TikTok","Track delivery, Customer chat, Email",Vivo
Female,33-40,Single,Student,20001-30000,1-3 hours,Not necessary,Product feature,4,Unable to inspect product,"Instagram, Facebook, Facebook Messenger, TikTok, Telegram","Product photography, Edit reviews, Online marketplace",Vivo
Female,18-25,Single,Private company employee,15001-20000,3-5 hours,Most necessary,Product feature,2,Unable to inspect product,"Instagram, Facebook, Facebook Messenger, Spotify, TikTok","Track delivery, Customer chat, Email",Oppo
Male,60+,Single,Business owner,15001-20000,More than 5 hours,Necessary,Product feature,5,Concerns about payment security,Discord,"Cloud apps, Communication/meetings, Social media",Xiaomi
Female,33-40,Single,Business owner,15001-20000,0-1 hours,Not necessary,Product feature,4,Concerns about payment security,"Instagram, Facebook, YouTube, Facebook Messenger, TikTok, Line","Play games, Streaming, Take photos/videos",Vivo
Male,18-25,Single,Private company employee,15001-20000,0-1 hours,Necessary,Product feature,4,Warranty or service concerns,WhatsApp,"Chat with family, Read e-books, Listen to radio",Oppo
Male,60+,Married,Private company employee,15001-20000,,Not necessary,Price,4,Unable to inspect product,"Instagram, Facebook, YouTube, Snapchat, Facebook Messenger, Spotify, WhatsApp, TikTok","Watch movies/listen to music, Take photos/videos",Xiaomi
Male,41-50,Married,Private company employee,15001-20000,,Necessary,Product feature,5,Warranty or service concerns,WhatsApp,"GPS navigation, Check car condition, Listen to podcasts",Apple
Male,26-32,Married,Business owner,More than 50001,1-3 hours,Necessary,Product feature,2,Concerns about payment security,"Instagram, Facebook, YouTube, Snapchat, Facebook Messenger, Spotify, WhatsApp, TikTok, Telegram","Track delivery, Customer chat, Email",Oppo
Female,33-40,Single,Private company employee,15001-20000,More than 5 hours,Necessary,Product feature,3,Concerns about payment security,"Instagram, YouTube, Facebook Messenger, Spotify, TikTok","Cloud apps, Communication/meetings, Social media",Realme
Male,33-40,Single,Private company employee,15001-20000,,Necessary,Product feature,2,Unable to inspect product,VSCO,"Watch movies/listen to music, Take photos/videos",Realme
Female,33-40,Married,Private company employee,15001-20000,1-3 hours,Necessary,Product feature,1,Unable to inspect product,"Facebook, TikTok, Line","Cloud apps, Communication/meetings, Social media",Realme
Female,60+,Single,Private company employee,15001-20000,More than 5 hours,Not necessary,Product feature,3,Concerns about payment security,"Instagram, Facebook, YouTube, Facebook Messenger, Spotify","Email, , Finance",Xiaomi
Female,33-40,Single,Business owner,15001-20000,1-3 hours,Not necessary,Product feature,2,Unable to inspect product,"Instagram, YouTube, Facebook Messenger, TikTok","Watch movies/listen to music, Take photos/videos, Social media",Apple
Female,26-32,Married,Private company employee,15001-20000,0-1 hours,Most necessary,Price,2,Unable to inspect product,"Instagram, Facebook, YouTube, Facebook Messenger","Play games, Take photos, Watch movies",Oppo
Male,26-32,Single,Business owner,15001-20000,3-5 hours,Necessary,Price,2,Warranty or service concerns,"Instagram, Facebook, YouTube, Facebook Messenger, TikTok, Line, X","Watch movies/listen to music, Play games, Social media",Apple
Male,60+,Single,Private company employee,15001-20000,,Necessary,Product feature,4,Warranty or service concerns,"Facebook, Facebook Messenger, Line","Play games, Take photos, Watch movies",Realme 7 5G
Female,26-32,Married,Business owner,20001-30000,,Not necessary,Product feature,4,Unable to inspect product,Shopee,"Take photos/videos, Watch movies/Listen to music, Online shopping",Realme
Female,18-25,Single,Student,15001-20000,,Most necessary,Product feature,4,Warranty or service concerns,CapCut,"Streaming, Take photos/videos, Edit video",Vivo
Female,33-40,Single,Government officer,15001-20000,1-3 hours,Necessary,Product feature,5,Warranty or service concerns,"Instagram, Facebook, YouTube, Facebook Messenger, Telegram","Play games, Take photos/videos, Cloud apps",Apple
Female,18-25,Married,Private company employee,30001-40000,0-1 hours,Most necessary,Product feature,2,Unable to inspect product,"YouTube, TikTok","Take photos/videos, Communication/meetings, Social media",Oppo
Male,60+,Married,Government officer,15001-20000,0-1 hours,Not necessary,Product feature,2,Warranty or service concerns,"Instagram, Facebook Messenger, TikTok","Track delivery, Customer chat, Email",Realme 7 5G
Male,60+,Single,Factory worker,More than 50001,1-3 hours,Not necessary,Product feature,1,Unable to inspect product,Discord,"Email, , Finance",Samsung
Female,26-32,Single,Student,More than 50001,3-5 hours,Necessary,Product feature,1,Unable to inspect product,WhatsApp,"Email, , Finance",Apple
Male,18-25,Single,Private company employee,15001-20000,More than 5 hours,Necessary,Product feature,1,Warranty or service concerns,Telegram,"Communication, Take photos, Social media",Realme
Female,60+,Single,Private company employee,15001-20000,More than 5 hours,Necessary,Product feature,2,Warranty or service concerns,"Facebook, YouTube","Play games, Streaming, Social media",Xiaomi
Female,41-50,Single,Factory worker,15001-20000,More than 5 hours,Necessary,Product feature,4,Unable to inspect product,"Instagram, Facebook, Facebook Messenger, Spotify, TikTok","/, Email, Finance",Oppo
Female,26-32,Single,Private company employee,15001-20000,1-3 hours,Necessary,Product feature,2,Warranty or service concerns,TikTok,"Watch movies/listen to music, Play games, Social media",Apple
Male,33-40,Single,Private company employee,30001-40000,More than 5 hours,Not necessary,Product feature,3,Warranty or service concerns,VSCO,"Take photos/videos, Communication/meetings, Social media",Samsung
Male,41-50,Single,Student,15001-20000,3-5 hours,Not necessary,Product feature,1,Unable to inspect product,Microsoft Teams,"Play games, Take photos/videos, Cloud apps",Oppo
Male,60+,Single,Government officer,15001-20000,3-5 hours,Necessary,Product feature,2,Unable to inspect product,"Facebook, Facebook Messenger, Spotify, TikTok","Take photos/videos, Watch movies/Listen to music, Online shopping",Realme 7 5G
Female,33-40,Married,Private company employee,15001-20000,1-3 hours,Necessary,Product feature,1,Unable to inspect product,"Facebook, TikTok, Line","Cloud apps, Communication/meetings, Social media",Realme
Female,60+,Single,Business owner,15001-20000,,Not necessary,Product review,2,Delivery delay,"YouTube, Facebook Messenger, Discord, Wise","Watch movies/listen to music, Take photos/videos",Apple
Male,41-50,Married,Business owner,15001-20000,3-5 hours,Necessary,Product feature,3,Unable to inspect product,Facebook,"Email, , Finance",Infinix
Male,33-40,Married,Private company employee,15001-20000,3-5 hours,Necessary,Product feature,4,Warranty or service concerns,"Instagram, YouTube, TikTok","Play games, Streaming, Take photos/videos",Vivo
Male,41-50,Single,Business owner,15001-20000,More than 5 hours,Most necessary,Product feature,2,Unable to inspect product,"Instagram, YouTube, TikTok","Watch movies/listen to music, Social media",Infinix
Male,60+,Married,Business owner,15001-20000,,Not necessary,Product feature,5,Unable to inspect product,"Instagram, Facebook Messenger, TikTok","Online meetings, Schedule management, Email",Huawei
Male,18-25,Single,Private company employee,15001-20000,More than 5 hours,Necessary,Product feature,1,Concerns about payment security,Microsoft Teams,"Play games, Take photos/videos",Realme
Male,33-40,Single,Factory worker,20001-30000,3-5 hours,Not necessary,Product review,1,Unable to inspect product,"Instagram, Facebook, Facebook Messenger, TikTok","Take photos, Listen to music, Social media",Realme
Female,60+,Married,Government officer,30001-40000,,Not necessary,Product feature,1,Unable to inspect product,"Instagram, Facebook, YouTube, Facebook Messenger, TikTok, Telegram","Watch movies/listen to music, Communication/meetings, Social media",Oppo
Male,33-40,Single,Business owner,20001-30000,More than 5 hours,Not necessary,Product feature,4,Unable to inspect product,"Facebook, YouTube","Communication, Take photos, Social media",Xiaomi
Female,18-25,Single,Business owner,More than 50001,More than 5 hours,Necessary,Price,1,Warranty or service concerns,"Instagram, YouTube, Spotify, TikTok","/, Email, Finance",Apple
Female,26-32,Single,Student,15001-20000,More than 5 hours,Necessary,Product feature,1,Unable to inspect product,"Instagram, YouTube, Spotify, TikTok","Chat with family, Read e-books, Listen to radio",Realme
Female,26-32,Married,Private company employee,More than 50001,0-1 hours,Most necessary,Product feature,5,Unable to inspect product,"Instagram, Facebook, Facebook Messenger, Spotify, TikTok","Watch movies/listen to music, Take photos/videos",Samsung
Female,60+,Single,Student,15001-20000,,Necessary,Product feature,3,Warranty or service concerns,TikTok,"Watch movies/listen to music, Play games, Take photos/videos",Realme
Female,60+,Single,Private company employee,30001-40000,3-5 hours,Not necessary,Product feature,4,Unable to inspect product,"Instagram, Facebook, YouTube, Facebook Messenger, Telegram","Take photos, Listen to music, Social media",Samsung
Female,33-40,Married,Private company employee,20001-30000,,Most necessary,Product feature,4,Unable to inspect product,"Instagram, Facebook, YouTube, Facebook Messenger, Telegram",Watch movies/listen to music,Realme
Female,26-32,Married,Private company employee,15001-20000,1-3 hours,Not necessary,Product review,5,Delivery delay,Gmail,"Online meetings, Schedule management, Email",Realme
Female,18-25,Single,Business owner,15001-20000,3-5 hours,Necessary,Product feature,2,Concerns about payment security,"Instagram, Facebook, YouTube, Facebook Messenger","Watch movies, Take photos, Listen to music",Samsung
Male,18-25,Single,Student,15001-20000,More than 5 hours,Most necessary,Product feature,3,Unable to inspect product,"Facebook, YouTube","Watch movies/listen to music, Play games",Huawei
Male,18-25,Single,Student,15001-20000,1-3 hours,Necessary,Product feature,4,Unable to inspect product,TikTok,"Play games, Take photos, Watch movies",Oppo
Male,18-25,Single,Private company employee,15001-20000,More than 5 hours,Necessary,Product feature,1,Concerns about payment security,Microsoft Teams,"Play games, Take photos/videos",Realme
Male,33-40,Single,Private company employee,15001-20000,0-1 hours,Not necessary,Product feature,1,Concerns about payment security,Facebook,"Watch movies/listen to music, Play games, Cloud apps",Infinix
Male,33-40,Married,Private company employee,15001-20000,0-1 hours,Not necessary,Product feature,2,Warranty or service concerns,"Instagram, YouTube, TikTok","Watch movies/listen to music, Take photos/videos, Communication/meetings",Xiaomi
Male,41-50,Single,Private company employee,15001-20000,1-3 hours,Necessary,Product feature,1,Unable to inspect product,LINE,"GPS navigation, Check car condition, Listen to podcasts",Oppo
Female,33-40,Single,Business owner,15001-20000,1-3 hours,Not necessary,Product feature,2,Unable to inspect product,"Instagram, YouTube, Facebook Messenger, TikTok","Watch movies/listen to music, Take photos/videos, Social media",Apple
Male,60+,Single,Private company employee,15001-20000,More than 5 hours,Necessary,Product feature,5,Warranty or service concerns,Instagram,"Communication, Take photos, Social media",Samsung
Male,60+,Single,Factory worker,15001-20000,,Necessary,Product feature,4,Unable to inspect product,Facebook,"Play games, Streaming, Social media",Apple
Female,26-32,Single,Private company employee,30001-40000,0-1 hours,Necessary,Product feature,4,Warranty or service concerns,"Facebook, YouTube","Watch movies/listen to music, Take photos/videos, Social media",Apple
Male,26-32,Single,Business owner,More than 50001,,Necessary,Product feature,4,Warranty or service concerns,"Instagram, Facebook, TikTok","Cloud apps, Communication/meetings, Social media",Apple
Female,60+,Single,Business owner,15001-20000,,Not necessary,Product feature,4,Warranty or service concerns,"Facebook, YouTube, Facebook Messenger","Watch movies, Play games, Take photos",Oppo
Female,26-32,Single,Factory worker,15001-20000,0-1 hours,Most necessary,Product feature,1,Unable to inspect product,"Instagram, Facebook, YouTube, Facebook Messenger, Spotify, WhatsApp, TikTok, Telegram","Product photography, Edit reviews, Online marketplace",Samsung
Female,33-40,Single,Private company employee,20001-30000,3-5 hours,Necessary,Product feature,3,Delivery delay,"Instagram, Facebook, YouTube, Facebook Messenger, TikTok, Line, X","Product photography, Edit reviews, Online marketplace",Vivo
Female,26-32,Married,Factory worker,30001-40000,1-3 hours,Not necessary,Price,3,Unable to inspect product,VSCO,"Watch movies/listen to music, Social media",Oppo
Female,33-40,Single,Student,15001-20000,,Necessary,Product feature,2,Delivery delay,"Instagram, Facebook, Facebook Messenger, TikTok, Telegram","Communication/meetings, Social media",Vivo
Male,41-50,Single,Business owner,15001-20000,3-5 hours,Not necessary,Product feature,3,Unable to inspect product,"Instagram, Facebook, YouTube","Watch movies/listen to music, Take photos/videos, Communication/meetings",Samsung
Male,33-40,Single,Factory worker,20001-30000,3-5 hours,Not necessary,Product review,1,Unable to inspect product,"Instagram, Facebook, Facebook Messenger, TikTok","Take photos, Listen to music, Social media",Realme
Male,60+,Single,Government officer,15001-20000,3-5 hours,Necessary,Product feature,2,Unable to inspect product,"Facebook, Facebook Messenger, Spotify, TikTok","Take photos/videos, Watch movies/Listen to music, Online shopping",Realme 7 5G
Female,60+,Single,Private company employee,15001-20000,1-3 hours,Not necessary,Product feature,5,Unable to inspect product,"Instagram, Facebook, YouTube, Facebook Messenger, Spotify, WhatsApp, TikTok, Telegram","Watch movies/listen to music, Play games, Take photos/videos",Huawei
Female,60+,Married,Business owner,15001-20000,More than 5 hours,Not necessary,Product feature,2,Warranty or service concerns,Microsoft Teams,"Cloud apps, Communication/meetings, Social media",Xiaomi
Male,18-25,Single,Private company employee,15001-20000,More than 5 hours,Not necessary,Product feature,1,Unable to inspect product,"Instagram, Facebook, Facebook Messenger, TikTok, LINE","Play esports, Stream games, Community chat",Samsung
Female,33-40,Married,Business owner,15001-20000,More than 5 hours,Necessary,Product feature,5,Concerns about payment security,Google Maps,"Watch movies/listen to music, Play games, Take photos/videos",Huawei
Female,26-32,Married,Student,More than 50001,More than 5 hours,Necessary,Product feature,3,Warranty or service concerns,"Facebook, YouTube, Facebook Messenger, Spotify","Chat with family, Read e-books, Listen to radio",Oppo
Male,33-40,Single,Business owner,20001-30000,1-3 hours,Most necessary,Product feature,2,Concerns about payment security,SET,"Watch movies/listen to music, Play games, Take photos",Xiaomi
Female,18-25,Married,Business owner,15001-20000,More than 5 hours,Most necessary,Product feature,4,Warranty or service concerns,SET,"Email, , Finance",Apple
Female,26-32,Married,Business owner,15001-20000,1-3 hours,Not necessary,Product review,1,Unable to inspect product,VSCO,"Communication/meetings, Social media",Realme
Male,26-32,Married,Business owner,15001-20000,,Necessary,Product feature,2,Concerns about payment security,"Instagram, Facebook, YouTube","Take photos, Listen to music, Social media",Vivo
Male,18-25,Single,Private company employee,15001-20000,1-3 hours,Not necessary,Product feature,5,Unable to inspect product,"Instagram, TikTok","Play games, Streaming, Social media",Xiaomi
Male,26-32,Single,Private company employee,15001-20000,0-1 hours,Not necessary,Product feature,4,Warranty or service concerns,Telegram,Play games,Apple
Male,33-40,Single,Private company employee,20001-30000,3-5 hours,Necessary,Product feature,2,Unable to inspect product,"Facebook, Facebook Messenger, Line","Take photos/videos, Communication/meetings, Social media",Vivo
Female,60+,Married,Government officer,30001-40000,,Not necessary,Product feature,1,Unable to inspect product,"Instagram, Facebook, YouTube, Facebook Messenger, TikTok, Telegram","Watch movies/listen to music, Communication/meetings, Social media",Oppo
Female,60+,Single,Business owner,15001-20000,1-3 hours,Not necessary,Product feature,1,Delivery delay,"YouTube, Facebook Messenger, Discord, Wise","Cloud apps, Communication/meetings, Social media",Samsung
Female,60+,Single,Business owner,15001-20000,,Not necessary,Product review,2,Delivery delay,"YouTube, Facebook Messenger, Discord, Wise","Watch movies/listen to music, Take photos/videos",Apple
Male,60+,Single,Private company employee,15001-20000,0-1 hours,Most necessary,Price,4,Warranty or service concerns,"Instagram, YouTube, Facebook Messenger, TikTok",Watch movies/listen to music,Xiaomi
Male,18-25,Single,Business owner,15001-20000,3-5 hours,Necessary,Product feature,1,Unable to inspect product,Telegram,"Play esports, Stream games, Community chat",Apple
Female,41-50,Married,Business owner,More than 50001,3-5 hours,Not necessary,Product feature,1,Concerns about payment security,"Instagram, Facebook, YouTube, Spotify, TikTok","Art photography, Video editing, Upload stories",Oppo
Female,60+,Married,Private company employee,15001-20000,0-1 hours,Not necessary,Product feature,1,Warranty or service concerns,"Instagram, Facebook, Facebook Messenger, Spotify, TikTok","Watch movies/listen to music, Social media",Realme
Female,33-40,Married,Business owner,15001-20000,1-3 hours,Not necessary,Product feature,5,Warranty or service concerns,WhatsApp,"Play games, Streaming, Social media",Oppo
Female,26-32,Single,Private company employee,15001-20000,1-3 hours,Necessary,Product feature,4,Warranty or service concerns,Instagram,"Watch movies, Take photos, Listen to music",Vivo
Female,33-40,Single,Student,15001-20000,,Not necessary,Product feature,3,Warranty or service concerns,"Instagram, Facebook, YouTube, Facebook Messenger","Art photography, Video editing, Upload stories",Apple
Male,41-50,Single,Student,15001-20000,,Most necessary,Product feature,2,Unable to inspect product,"Instagram, Facebook, Facebook Messenger, TikTok, LINE","Email, , Finance",Vivo
Male,60+,Single,Government officer,15001-20000,3-5 hours,Necessary,Product feature,2,Unable to inspect product,"Facebook, Facebook Messenger, Spotify, TikTok","Take photos/videos, Watch movies/Listen to music, Online shopping",Realme 7 5G
Male,18-25,Single,Private company employee,15001-20000,3-5 hours,Not necessary,Product review,5,Unable to inspect product,LINE,"Read news, Check stocks, Finance",Realme
Male,18-25,Single,Private company employee,15001-20000,,Necessary,Product feature,2,Warranty or service concerns,"Instagram, YouTube, Spotify, TikTok","Online meetings, Schedule management, Email",Realme 7 5G
Male,33-40,Single,Private company employee,20001-30000,1-3 hours,Not necessary,Product feature,1,Unable to inspect product,"Instagram, Facebook, YouTube, Spotify, TikTok",Watch movies/listen to music,Apple
Female,26-32,Single,Private company employee,15001-20000,0-1 hours,Necessary,Product feature,4,Unable to inspect product,"Instagram, Facebook, YouTube, Snapchat, Facebook Messenger, Spotify, WhatsApp, TikTok","Take photos/videos, Communication/meetings, Social media",Huawei
Female,60+,Single,Business owner,15001-20000,0-1 hours,Necessary,Product feature,3,Warranty or service concerns,"Instagram, Facebook, YouTube, Facebook Messenger, TikTok, Line, X","Online meetings, Schedule management, Email",Xiaomi
Male,60+,Single,Private company employee,15001-20000,3-5 hours,Most necessary,Product review,2,Unable to inspect product,LINE,"Email, , Finance",Samsung
Male,18-25,Single,Private company employee,15001-20000,1-3 hours,Most necessary,Product feature,1,Warranty or service concerns,"Instagram, Facebook, YouTube, Facebook Messenger, Spotify, TikTok","Play games, Streaming, Social media",Realme
Male,33-40,Single,Private company employee,15001-20000,More than 5 hours,Necessary,Product feature,4,Warranty or service concerns,"Instagram, Facebook, Facebook Messenger, TikTok, LINE","Online shopping, Social media, Finance",Xiaomi
Male,18-25,Single,Private company employee,15001-20000,More than 5 hours,Not necessary,Product feature,1,Unable to inspect product,Gmail,"Watch movies, Listen to music, Take photos",Infinix
Male,41-50,Single,Student,15001-20000,,Not necessary,Product feature,5,Unable to inspect product,"Instagram, Facebook, YouTube","Play games, Streaming, Social media",Infinix
Male,26-32,Single,Student,More than 50001,0-1 hours,Not necessary,Product feature,1,Unable to inspect product,Telegram,"Product photography, Edit reviews, Online marketplace",Apple
Male,18-25,Married,Business owner,20001-30000,1-3 hours,Necessary,Product feature,3,Concerns about payment security,"Instagram, Facebook, YouTube, Facebook Messenger","Play games, Watch movies, Take photos",Huawei
Male,33-40,Single,Private company employee,15001-20000,3-5 hours,Not necessary,Product feature,1,Unable to inspect product,"Facebook, YouTube, Facebook Messenger, TikTok","Chat with family, Read e-books, Listen to radio",Realme
Female,26-32,Single,Private company employee,20001-30000,,Most necessary,Product feature,1,Unable to inspect product,"Instagram, Facebook, Facebook Messenger, TikTok, Telegram","Take photos/videos, Watch movies/Listen to music, Online shopping",Xiaomi
Female,60+,Married,Business owner,20001-30000,3-5 hours,Necessary,Product feature,2,Unable to inspect product,"Instagram, Facebook, YouTube, Snapchat, Facebook Messenger, Spotify, TikTok","Play games, Watch movies, Take photos",Huawei
Female,60+,Single,Business owner,20001-30000,3-5 hours,Most necessary,Product feature,2,Warranty or service concerns,"Facebook, Facebook Messenger, Spotify","Online meetings, Schedule management, Email",Huawei
Male,18-25,Single,Private company employee,15001-20000,,Necessary,Product feature,2,Warranty or service concerns,"Instagram, YouTube, Spotify, TikTok","Online meetings, Schedule management, Email",Realme 7 5G
Male,41-50,Single,Private company employee,15001-20000,3-5 hours,Most necessary,Product feature,1,Unable to inspect product,WhatsApp,"Online shopping, Track delivery, Customer chat",Apple
Female,26-32,Single,Student,15001-20000,More than 5 hours,Necessary,Product feature,1,Unable to inspect product,"Instagram, YouTube, Spotify, TikTok","Chat with family, Read e-books, Listen to radio",Realme
Male,60+,Single,Private company employee,15001-20000,0-1 hours,Not necessary,Product feature,5,Unable to inspect product,"Facebook, YouTube, Facebook Messenger, TikTok","Watch movies/listen to music, Play games, Cloud apps",Xiaomi
Female,18-25,Single,Private company employee,15001-20000,3-5 hours,Most necessary,Product feature,3,Unable to inspect product,"Instagram, Facebook, YouTube","Read news, Check stocks, Finance",Apple
Male,26-32,Single,Student,15001-20000,1-3 hours,Not necessary,Product feature,4,Unable to inspect product,"Instagram, YouTube, Spotify, Telegram","Play esports, Stream games, Community chat",Xiaomi
Female,26-32,Married,Business owner,20001-30000,,Not necessary,Product feature,5,Warranty or service concerns,SET,"Play esports, Stream games, Community chat",Vivo
Female,33-40,Single,Government officer,15001-20000,1-3 hours,Necessary,Product feature,5,Warranty or service concerns,"Instagram, Facebook, YouTube, Facebook Messenger, Telegram","Play games, Take photos/videos, Cloud apps",Apple
Male,18-25,Single,Business owner,20001-30000,,Most necessary,Product feature,5,Unable to inspect product,VSCO,"Art photography, Video editing, Upload stories",Vivo
Male,33-40,Married,Business owner,20001-30000,,Necessary,Product feature,3,Warranty or service concerns,"Facebook, YouTube, Facebook Messenger, TikTok","Play games, Streaming, Take photos/videos",Huawei
Male,26-32,Single,Business owner,15001-20000,1-3 hours,Not necessary,Product feature,3,Unable to inspect product,VSCO,"Watch movies/listen to music, Play games, Cloud apps",Xiaomi
Male,26-32,Single,Factory worker,20001-30000,,Most necessary,Price,3,Concerns about payment security,"Instagram, Facebook, Facebook Messenger, Spotify, TikTok","Watch movies/listen to music, Take photos/videos, Communication/meetings",Realme
Male,26-32,Single,Business owner,20001-30000,0-1 hours,Not necessary,Product feature,5,Unable to inspect product,"Instagram, Facebook, YouTube, Facebook Messenger","Track delivery, Customer chat, Email",Huawei
Female,33-40,Single,Private company employee,20001-30000,3-5 hours,Necessary,Product feature,3,Delivery delay,"Instagram, Facebook, YouTube, Facebook Messenger, TikTok, Line, X","Product photography, Edit reviews, Online marketplace",Vivo
Female,60+,Single,Private company employee,15001-20000,1-3 hours,Most necessary,Product feature,5,Unable to inspect product,Gmail,"Watch movies/listen to music, Take photos/videos, Social media",Huawei
Female,18-25,Single,Private company employee,15001-20000,,Not necessary,Product feature,1,Unable to inspect product,CapCut,"Track delivery, Customer chat, Email",Realme
Female,33-40,Single,Private company employee,15001-20000,,Not necessary,Product feature,2,Unable to inspect product,"Instagram, YouTube, Facebook Messenger, Spotify, TikTok","Watch movies/listen to music, Communication/meetings, Social media",Huawei
Female,26-32,Single,Private company employee,15001-20000,More than 5 hours,Not necessary,Price,5,Unable to inspect product,"Instagram, Facebook, YouTube, Facebook Messenger, TikTok, Telegram",Watch movies/listen to music,Realme
Male,26-32,Single,Business owner,15001-20000,1-3 hours,Not necessary,Product feature,3,Unable to inspect product,VSCO,"Watch movies/listen to music, Play games, Cloud apps",Xiaomi
Female,33-40,Married,Private company employee,20001-30000,,Most necessary,Product feature,4,Unable to inspect product,"Instagram, Facebook, YouTube, Facebook Messenger, Telegram",Watch movies/listen to music,Realme
Female,33-40,Married,Business owner,15001-20000,,Not necessary,Product feature,3,Warranty or service concerns,"Instagram, Facebook, TikTok","Play games, Watch movies, Take photos",Oppo
Female,33-40,Single,Business owner,15001-20000,More than 5 hours,Most necessary,Product feature,1,Warranty or service concerns,"Instagram, Facebook, YouTube, Facebook Messenger, Spotify, WhatsApp, TikTok, Telegram","Play games, Take photos/videos",Oppo
Female,18-25,Married,Business owner,15001-20000,More than 5 hours,Most necessary,Product feature,4,Warranty or service concerns,SET,"Email, , Finance",Apple
Male,26-32,Single,Business owner,15001-20000,1-3 hours,Not necessary,Product feature,3,Unable to inspect product,VSCO,"Watch movies/listen to music, Play games, Cloud apps",Xiaomi
Male,60+,Single,Business owner,15001-20000,0-1 hours,Not necessary,Product feature,4,Concerns about payment security,"Instagram, Facebook, YouTube, Facebook Messenger, TikTok, Line, X","Watch movies/listen to music, Play games, Cloud apps",Redmi
Female,33-40,Married,Factory worker,15001-20000,3-5 hours,Most necessary,Product feature,2,Unable to inspect product,"Facebook, Facebook Messenger, Spotify, TikTok","Communication, Take photos, Social media",Oppo
Male,33-40,Single,Business owner,30001-40000,More than 5 hours,Not necessary,Product feature,3,Unable to inspect product,Discord,"Watch movies/listen to music, Play games, Social media",Samsung
Male,60+,Married,Government officer,15001-20000,More than 5 hours,Most necessary,Product feature,3,Unable to inspect product,"Facebook, YouTube, Facebook Messenger, Spotify","Streaming, Take photos/videos, Edit video",Xiaomi
Male,60+,Single,Business owner,15001-20000,More than 5 hours,Not necessary,Product feature,1,Concerns about payment security,"Instagram, YouTube, Facebook Messenger, Spotify, TikTok","Email, , Finance",Oppo
Male,18-25,Single,Private company employee,15001-20000,,Necessary,Product feature,2,Warranty or service concerns,"Instagram, YouTube, Spotify, TikTok","Online meetings, Schedule management, Email",Realme 7 5G
Male,33-40,Single,Private company employee,20001-30000,1-3 hours,Not necessary,Product feature,1,Unable to inspect product,"Instagram, Facebook, YouTube, Spotify, TikTok",Watch movies/listen to music,Apple
Female,33-40,Single,Private company employee,20001-30000,1-3 hours,Not necessary,Product feature,5,Unable to inspect product,"Instagram, Facebook, YouTube, Facebook Messenger, Telegram","Watch movies/listen to music, Take photos/videos, Social media",Huawei
Female,33-40,Single,Private company employee,15001-20000,,Not necessary,Product feature,4,Unable to inspect product,"Facebook, Facebook Messenger, Line","Watch movies, Take photos, Listen to music",Apple
Male,33-40,Single,Business owner,More than 50001,1-3 hours,Necessary,Product feature,4,Unable to inspect product,"Instagram, Facebook, YouTube, TikTok","Play games, Take photos/videos, Cloud apps",Oppo
Male,60+,Married,Private company employee,15001-20000,,Not necessary,Price,4,Unable to inspect product,"Instagram, Facebook, YouTube, Snapchat, Facebook Messenger, Spotify, WhatsApp, TikTok","Watch movies/listen to music, Take photos/videos",Xiaomi
Female,26-32,Single,Student,15001-20000,More than 5 hours,Necessary,Product feature,1,Unable to inspect product,"Instagram, YouTube, Spotify, TikTok","Chat with family, Read e-books, Listen to radio",Realme
Male,26-32,Single,Private company employee,15001-20000,1-3 hours,Necessary,Product feature,1,Concerns about payment security,"YouTube, Facebook Messenger, Discord, Wise","Communication, Take photos, Social media",Oppo
Male,26-32,Single,Student,15001-20000,1-3 hours,Not necessary,Product feature,4,Unable to inspect product,"Instagram, YouTube, Spotify, Telegram","Play esports, Stream games, Community chat",Xiaomi
Male,26-32,Single,Student,More than 50001,0-1 hours,Not necessary,Product feature,1,Unable to inspect product,Telegram,"Product photography, Edit reviews, Online marketplace",Apple
Male,26-32,Single,Student,15001-20000,1-3 hours,Not necessary,Product review,2,Concerns about payment security,Microsoft Teams,"Cloud apps, Communication/meetings, Social media",Vivo
Male,33-40,Single,Private company employee,15001-20000,More than 5 hours,Not necessary,Product feature,3,Warranty or service concerns,"Instagram, Facebook, YouTube, Facebook Messenger, TikTok, Telegram","Play games, Take photos/videos",Xiaomi
Male,26-32,Single,Business owner,15001-20000,1-3 hours,Necessary,Product feature,3,Delivery delay,"Instagram, YouTube, Spotify, TikTok","Product photography, Edit reviews, Online marketplace",Samsung
Male,41-50,Single,Private company employee,15001-20000,More than 5 hours,Most necessary,Price,3,Unable to inspect product,"Instagram, Facebook, YouTube, Snapchat, Facebook Messenger, Spotify, WhatsApp, TikTok, Telegram","Play games, Take photos, Watch movies",Redmi
Female,26-32,Single,Private company employee,15001-20000,,Not necessary,Product feature,4,Concerns about payment security,"Facebook, Facebook Messenger, Spotify","Watch movies/listen to music, Play games",Realme
Male,26-32,Single,Business owner,20001-30000,3-5 hours,Necessary,Product feature,2,Warranty or service concerns,WhatsApp,"Streaming, Take photos/videos, Edit video",Huawei
Female,41-50,Married,Private company employee,15001-20000,More than 5 hours,Necessary,Product feature,3,Concerns about payment security,Gmail,"Streaming, Take photos/videos, Edit video",Xiaomi
Female,18-25,Single,Private company employee,30001-40000,More than 5 hours,Necessary,Product feature,3,Unable to inspect product,"Facebook, Facebook Messenger, Spotify","Play games, Streaming, Take photos/videos",Oppo
Male,41-50,Single,Private company employee,15001-20000,More than 5 hours,Not necessary,Product feature,2,Warranty or service concerns,Microsoft Teams,"Communication/meetings, Social media",Realme
Female,26-32,Single,Student,More than 50001,3-5 hours,Not necessary,Product feature,3,Unable to inspect product,"Instagram, Facebook, Facebook Messenger, TikTok, LINE","Watch movies/listen to music, Play games, Social media",Oppo
Male,18-25,Single,Private company employee,More than 50001,More than 5 hours,Not necessary,Product feature,2,Unable to inspect product,"Instagram, Facebook, YouTube, Spotify, TikTok","Watch movies/listen to music, Play games, Communication/meetings",Samsung
Female,60+,Single,Private company employee,20001-30000,3-5 hours,Not necessary,Product feature,5,Delivery delay,"Facebook, Facebook Messenger, Spotify, TikTok","Online shopping, Track delivery, Customer chat",Huawei
Female,18-25,Single,Business owner,More than 50001,1-3 hours,Necessary,Product feature,1,Warranty or service concerns,CapCut,"Play games, Take photos/videos, Cloud apps",Samsung
Male,33-40,Single,Private company employee,20001-30000,0-1 hours,Necessary,Product feature,4,Unable to inspect product,"Instagram, YouTube, Facebook Messenger, TikTok","Play esports, Stream games, Community chat",Realme
Male,33-40,Married,Private company employee,15001-20000,3-5 hours,Necessary,Product feature,4,Warranty or service concerns,"Instagram, YouTube, TikTok","Play games, Streaming, Take photos/videos",Vivo
Male,41-50,Married,Business owner,15001-20000,0-1 hours,Not necessary,Product feature,1,Unable to inspect product,LINE,"Read news, Check stocks, Finance",Huawei
Male,26-32,Single,Business owner,15001-20000,1-3 hours,Most necessary,Product feature,4,Unable to inspect product,Google Maps,"Communication, Take photos, Social media",Realme 7 5G
Female,41-50,Married,Factory worker,15001-20000,1-3 hours,Most necessary,Product feature,1,Unable to inspect product,"Facebook, TikTok, Line","Watch movies/listen to music, Play games, Take photos",Xiaomi
Female,26-32,Single,Private company employee,15001-20000,0-1 hours,Necessary,Price,1,Concerns about payment security,"Instagram, Facebook, YouTube","Watch movies/listen to music, Play games",Realme
Male,26-32,Single,Private company employee,20001-30000,1-3 hours,Not necessary,Product feature,3,Unable to inspect product,"Instagram, Facebook, YouTube, Facebook Messenger, Spotify, TikTok","GPS navigation, Check car condition, Listen to podcasts",Huawei
Female,26-32,Single,Factory worker,15001-20000,1-3 hours,Not necessary,Product feature,2,Warranty or service concerns,"Instagram, Facebook, YouTube, Facebook Messenger, TikTok, Line","Online shopping, Track delivery, Customer chat",Vivo
Female,33-40,Single,Private company employee,20001-30000,1-3 hours,Not necessary,Product feature,5,Unable to inspect product,"Instagram, Facebook, YouTube, Facebook Messenger, Telegram","Watch movies/listen to music, Take photos/videos, Social media",Huawei
Female,26-32,Single,Business owner,15001-20000,3-5 hours,Necessary,Product feature,5,Unable to inspect product,Shopee,"Take photos/videos, Watch movies/Listen to music, Online shopping",Xiaomi
